-- TABLA TIPO DE DEPARTAMENTO --

INSERT INTO tipos_departamento (id_tipo, desctipo)
	VALUES (id_tipodepart_seq.NEXTVAL, 'VENTAS');

INSERT INTO tipos_departamento (id_tipo, desctipo)
	VALUES (id_tipodepart_seq.NEXTVAL, 'GESTION');
	
INSERT INTO tipos_departamento (id_tipo, desctipo)
	VALUES (id_tipodepart_seq.NEXTVAL, 'MIXTO');


-- TABLA DEPARTAMENTO --

INSERT INTO departamento
	VALUES (10, 'CARNICERIA', 953823320, 20000, 30000, 2);
  
INSERT INTO departamento
	VALUES (20, 'PESCADERIA', 953821722, 24000, 39000, 2);
  
INSERT INTO departamento
	VALUES (30, 'PANADERIA', 953855526, 17800, 23000, 2);
  
INSERT INTO departamento
	VALUES (40, 'CHARCUTERIA', 950093322, 12000, 15500, 2);
  
INSERT INTO departamento
	VALUES (50, 'HOGAR', 953377822, 23000, 24600, 2);
  
INSERT INTO departamento
	VALUES (60, 'COCINA', 951381122, 12000, 21000, 2);
  
INSERT INTO departamento
	VALUES (70, 'JUGUETERIA', 953556320, 26000, 27000, 2);
	
INSERT INTO departamento
	VALUES (80, 'JARDINERIA', 953829322, 26000, 30000, 2);
  
INSERT INTO departamento
	VALUES (90, 'BEBIDAS', 953821144, 23000, 32000, 2);
  
INSERT INTO departamento
	VALUES (100, 'CONGELADOS', 953821721, 12000, 13000, 2);
	
INSERT INTO departamento
	VALUES (110, 'INFORMATICA', 984339221, 75050, 320944, 4);

INSERT INTO departamento
	VALUES (130, 'DIRECCION', 933454833, 20000, 30000, 3);
	
INSERT INTO departamento
	VALUES (140, 'LOGISTICA', 933454833, 23400, 49330, 3);

INSERT INTO departamento
	VALUES (150, 'ADMINISTRACION', 933454833, 20332, 300334, 3);
		
INSERT INTO departamento
	VALUES (160, 'LIMPIEZA', 933454377, 15000, 27200, 3);
    
INSERT INTO departamento
	VALUES (180, 'ALMACENAMIENTO', 93345443, 5932, 78334, 3);

INSERT INTO departamento
	VALUES (190, 'ALMACEN', 933453233, 25342, 290339, 3);	

INSERT INTO departamento
	VALUES (200, 'ELECTRODOMESTICOS', 953000032, 13000, 17500, 2);

INSERT INTO departamento
	VALUES (210, 'ALIMENTACION', 953006233, 49332, 35500, 2);	

INSERT INTO departamento
	VALUES (220, 'MOBILIARIO', 953006321, 19600, 25000, 2);
	
	
	
	-- TABLAS PRODUCTOS Y STOCK --

INSERT INTO producto
	VALUES (3394200211002, 'ESCOBA', 8.79, 30, 80);
	
INSERT INTO stock
	VALUES (3394200211002, 10, 50, 100, 200, 140);	

INSERT INTO producto
	VALUES (3394233411002, 'SILLA', 15.60, 40, 220);

INSERT INTO stock
	VALUES (3394233411002, 10, 50, 150, 800, 170);	
	
INSERT INTO producto
	VALUES (3394210911004, 'TIJERAS', 10.99, 45, 80);

INSERT INTO stock
	VALUES (3394210911004, 10, 50, 1000, 2000, 1005);		
	
INSERT INTO producto
	VALUES (0894200211007, 'SARTEN', 19.85, 25, 60);

INSERT INTO stock
	VALUES (0894200211007, 10, 50, 100, 200, 190);		
	
INSERT INTO producto
	VALUES (8394200441002, 'CHULETAS', 12.10, 30, 10);

INSERT INTO stock
	VALUES (8394200441002, 25, 40, 100, 200, 185);		
	
INSERT INTO producto
	VALUES (5394204311078, 'JAMON', 70.99, 10, 40);

INSERT INTO stock
	VALUES (5394204311078, 5, 15, 100, 200, 140);		
	
INSERT INTO producto
	VALUES (3394199811012, 'GUANTES', 1.15, 80, 70);

INSERT INTO stock
	VALUES (3394199811012, 10, 100, 100, 200, 134);		
	
INSERT INTO producto
	VALUES (3394231611062, 'TARTA', 18.50, 35, 100);

INSERT INTO stock
	VALUES (3394231611062, 10, 50, 100, 200, 178);		
	
INSERT INTO producto
	VALUES (3394200211442, 'PILAS', 2.10, 155, 50);

INSERT INTO stock
	VALUES (3394200211442, 100, 3000, 1000, 2000, 589);		
	
INSERT INTO producto
	VALUES (8794200211002, 'MACETA', 20.60, 20, 80);

INSERT INTO stock
	VALUES (8794200211002, 10, 50, 1350, 2600, 1402);		
	
INSERT INTO producto
	VALUES (594250211006, 'FILETES', 12.15, 55, 10);

INSERT INTO stock
	VALUES (594250211006, 10, 70, 1500, 2500, 1675);		
	
INSERT INTO producto
	VALUES (2094200211042, 'BARRA', 1, 45, 30);

INSERT INTO stock
	VALUES (2094200211042, 10, 50, 980, 2300, 1940);		
	
INSERT INTO producto
	VALUES (3994200211452, 'CUCHILLO', 3, 75, 60);

INSERT INTO stock
	VALUES (3994200211452, 10, 150, 100, 200, 192);		
	
INSERT INTO producto
	VALUES (3394204311402, 'COCA COLA', 1.87, 20, 90);

INSERT INTO stock
	VALUES (3394204311402, 10, 50, 100, 200, 144);		
	
INSERT INTO producto
	VALUES (0794200211001, 'SALMON', 30.55, 20, 20);

INSERT INTO stock
	VALUES (0794200211001, 10, 50, 100, 200, 140);	
	
INSERT INTO producto
	VALUES (9894200213212, 'PAN BIMBO', 1.45, 20, 30);

INSERT INTO stock
	VALUES (9894200213212, 10, 50, 100, 200, 114);		
	
--INSERT INTO producto
--	VALUES (5494200213044, 'SALCHICHAS', 0.39, 120, 43);

--INSERT INTO stock
--	VALUES (5494200213044, 10, 50, 100, 200, 199);		
	
INSERT INTO producto
	VALUES (3494200211586, 'HAMBURGUESA', 4.25, 450, 10);
	
INSERT INTO stock
	VALUES (3494200211586, 100, 500, 100, 200, 112);		
	
INSERT INTO producto
	VALUES (3494200211563, 'HUEVOS', 0.69, 30, 150);
	
INSERT INTO stock
	VALUES (3494200211563, 10, 50, 100, 200, 145);		
	
INSERT INTO producto
	VALUES (3494200211562, 'GUISANTES', 1.39, 30, 100);	
	
INSERT INTO stock
	VALUES (3494200211562, 10, 50, 100, 200, 187);		
	
INSERT INTO producto
	VALUES (3494200211569, 'MESA', 65.49, 15, 220);	
	
INSERT INTO stock
	VALUES (3494200211569, 10, 50, 1010, 3400, 1222);		
	
INSERT INTO producto
	VALUES (3494200211560, 'NEVERA', 65.99, 30, 200);	
	
INSERT INTO stock
	VALUES (3494200211560, 10, 50, 100, 340, 339);		
	
INSERT INTO producto
	VALUES (3494200214564, 'DESODORANTE', 4.99, 45, 100);	
	
INSERT INTO stock
	VALUES (3494200214564, 40, 50, 100, 200, 139);		
	
INSERT INTO producto
	VALUES (3494200239333, 'PELOTA', 5.20, 18, 70);	
	
INSERT INTO stock
	VALUES (3494200239333, 10, 20, 180, 500, 367);		
	
INSERT INTO producto
	VALUES (3494200211599, 'QUESO', 30.99, 12, 40);	
		
INSERT INTO stock
	VALUES (3494200211599, 10, 15, 100, 800, 670);			
				
INSERT INTO producto
	VALUES (3494200211534, 'ACEITE', 6.78, 65, 150);
		
INSERT INTO stock
	VALUES (3494200211534, 30, 80, 100, 2000, 1403);			
		
INSERT INTO producto
	VALUES (3794200211518, 'TOMATE', 1.25, 350, 150);
		
INSERT INTO stock
	VALUES (3794200211518, 10, 550, 100, 200, 140);			
		
INSERT INTO producto
	VALUES (3294200211111, 'GALLETAS', 0.99, 200, 150);
		
INSERT INTO stock
	VALUES (3294200211111, 160, 500, 100, 250, 206);			
		
INSERT INTO producto
	VALUES (3494200211232, 'CEREALES', 1.29, 60, 150);
	
INSERT INTO stock
	VALUES (3494200211232, 10, 80, 1500, 2600, 1807);		


	
-- TABLA PROVEEDOR --

INSERT INTO proveedor
    VALUES ('B41834201', 'ROF DISTRIBUCIONES', 922239901, 'Carretera del Batán S/N 41011, Sevilla');
   
INSERT INTO proveedor
    VALUES ('H41830012', 'EL POZO ALIMENTACION SA', 952234453, 'Avd.Antonio Fuertes, 1, Alhama de Murcia, Murcia 30840');
   
INSERT INTO proveedor
    VALUES ('A18413302', 'CATALANA DISTRIBUIDOR ALIMENTOS SL', 912239454, 'Sant Pere De Ribes, Barcelona');

INSERT INTO proveedor
    VALUES ('N41836786', 'JOFRAN DISTRIBUIDORES DE ALIMENTACION S.L.', 952239343, 'Calle Olivino, 1-3 Alicante');

INSERT INTO proveedor
    VALUES ('A15106925', 'GALLEGA DE DIST. DE ALIMENTACIÓN, S.A. (GADISA)', 912239454, 'Polígono de Piadela, s/n, 15300 Betanzos - A Coruña (España)');    


	
-- TABLA HISTORICO --
INSERT INTO HISTORICO VALUES (2001,10,60000);
INSERT INTO HISTORICO VALUES (2002,10,160000);
INSERT INTO HISTORICO VALUES (2003,10,45000);
INSERT INTO HISTORICO VALUES (2004,10,85000);
INSERT INTO HISTORICO VALUES (2005,10,70000);
INSERT INTO HISTORICO VALUES (2006,10,200000);
INSERT INTO HISTORICO VALUES (2007,10,20000);
INSERT INTO HISTORICO VALUES (2008,10,95000);
INSERT INTO HISTORICO VALUES (2009,10,55000);
INSERT INTO HISTORICO VALUES (2010,10,28000);
INSERT INTO HISTORICO VALUES (2011,10,100000);
INSERT INTO HISTORICO VALUES (2001,20,70000);
INSERT INTO HISTORICO VALUES (2002,20,170000);
INSERT INTO HISTORICO VALUES (2003,20,55000);
INSERT INTO HISTORICO VALUES (2004,20,95000);
INSERT INTO HISTORICO VALUES (2005,20,80000);
INSERT INTO HISTORICO VALUES (2006,20,210000);
INSERT INTO HISTORICO VALUES (2007,20,30000);
INSERT INTO HISTORICO VALUES (2008,20,105000);
INSERT INTO HISTORICO VALUES (2009,20,65000);
INSERT INTO HISTORICO VALUES (2010,20,29000);
INSERT INTO HISTORICO VALUES (2011,20,110000);
INSERT INTO HISTORICO VALUES (2001,30,80000);
INSERT INTO HISTORICO VALUES (2002,30,180000);
INSERT INTO HISTORICO VALUES (2003,30,65000);
INSERT INTO HISTORICO VALUES (2004,30,105000);
INSERT INTO HISTORICO VALUES (2005,30,90000);
INSERT INTO HISTORICO VALUES (2006,30,220000);
INSERT INTO HISTORICO VALUES (2007,30,40000);
INSERT INTO HISTORICO VALUES (2008,30,115000);
INSERT INTO HISTORICO VALUES (2009,30,75000);
INSERT INTO HISTORICO VALUES (2010,30,30000);
INSERT INTO HISTORICO VALUES (2011,30,120000);
INSERT INTO HISTORICO VALUES (2001,40,80000);
INSERT INTO HISTORICO VALUES (2002,40,180000);
INSERT INTO HISTORICO VALUES (2003,40,65000);
INSERT INTO HISTORICO VALUES (2004,40,105000);
INSERT INTO HISTORICO VALUES (2005,40,90000);
INSERT INTO HISTORICO VALUES (2006,40,220000);
INSERT INTO HISTORICO VALUES (2007,40,40000);
INSERT INTO HISTORICO VALUES (2008,40,115000);
INSERT INTO HISTORICO VALUES (2009,40,75000);
INSERT INTO HISTORICO VALUES (2010,40,39000);
INSERT INTO HISTORICO VALUES (2011,40,120000);
INSERT INTO HISTORICO VALUES (2001,50,90000);
INSERT INTO HISTORICO VALUES (2002,50,190000);
INSERT INTO HISTORICO VALUES (2003,50,75000);
INSERT INTO HISTORICO VALUES (2004,50,115000);
INSERT INTO HISTORICO VALUES (2005,50,100000);
INSERT INTO HISTORICO VALUES (2006,50,230000);
INSERT INTO HISTORICO VALUES (2007,50,50000);
INSERT INTO HISTORICO VALUES (2008,50,125000);
INSERT INTO HISTORICO VALUES (2009,50,85000);
INSERT INTO HISTORICO VALUES (2010,50,40000);
INSERT INTO HISTORICO VALUES (2011,50,130000);
INSERT INTO HISTORICO VALUES (2001,60,100000);
INSERT INTO HISTORICO VALUES (2002,60,200000);
INSERT INTO HISTORICO VALUES (2003,60,85000);
INSERT INTO HISTORICO VALUES (2004,60,125000);
INSERT INTO HISTORICO VALUES (2005,60,110000);
INSERT INTO HISTORICO VALUES (2006,60,240000);
INSERT INTO HISTORICO VALUES (2007,60,60000);
INSERT INTO HISTORICO VALUES (2008,60,135000);
INSERT INTO HISTORICO VALUES (2009,60,95000);
INSERT INTO HISTORICO VALUES (2010,60,50000);
INSERT INTO HISTORICO VALUES (2011,60,140000);
INSERT INTO HISTORICO VALUES (2001,70,110000);
INSERT INTO HISTORICO VALUES (2002,70,210000);
INSERT INTO HISTORICO VALUES (2003,70,95000);
INSERT INTO HISTORICO VALUES (2004,70,135000);
INSERT INTO HISTORICO VALUES (2005,70,120000);
INSERT INTO HISTORICO VALUES (2006,70,250000);
INSERT INTO HISTORICO VALUES (2007,70,70000);
INSERT INTO HISTORICO VALUES (2008,70,145000);
INSERT INTO HISTORICO VALUES (2009,70,105000);
INSERT INTO HISTORICO VALUES (2010,70,60000);
INSERT INTO HISTORICO VALUES (2011,70,150000);
INSERT INTO HISTORICO VALUES (2001,80,120000);
INSERT INTO HISTORICO VALUES (2002,80,220000);
INSERT INTO HISTORICO VALUES (2003,80,105000);
INSERT INTO HISTORICO VALUES (2004,80,145000);
INSERT INTO HISTORICO VALUES (2005,80,130000);
INSERT INTO HISTORICO VALUES (2006,80,260000);
INSERT INTO HISTORICO VALUES (2007,80,80000);
INSERT INTO HISTORICO VALUES (2008,80,155000);
INSERT INTO HISTORICO VALUES (2009,80,115000);
INSERT INTO HISTORICO VALUES (2010,80,70000);
INSERT INTO HISTORICO VALUES (2011,80,160000);
INSERT INTO HISTORICO VALUES (2001,90,130000);
INSERT INTO HISTORICO VALUES (2002,90,230000);
INSERT INTO HISTORICO VALUES (2003,90,115000);
INSERT INTO HISTORICO VALUES (2004,90,155000);
INSERT INTO HISTORICO VALUES (2005,90,140000);
INSERT INTO HISTORICO VALUES (2006,90,270000);
INSERT INTO HISTORICO VALUES (2007,90,90000);
INSERT INTO HISTORICO VALUES (2008,90,165000);
INSERT INTO HISTORICO VALUES (2009,90,125000);
INSERT INTO HISTORICO VALUES (2010,90,80000);
INSERT INTO HISTORICO VALUES (2011,90,170000);
INSERT INTO HISTORICO VALUES (2001,100,140000);
INSERT INTO HISTORICO VALUES (2002,100,240000);
INSERT INTO HISTORICO VALUES (2003,100,125000);
INSERT INTO HISTORICO VALUES (2004,100,165000);
INSERT INTO HISTORICO VALUES (2005,100,150000);
INSERT INTO HISTORICO VALUES (2006,100,280000);
INSERT INTO HISTORICO VALUES (2007,100,50000);
INSERT INTO HISTORICO VALUES (2008,100,115000);
INSERT INTO HISTORICO VALUES (2009,100,185000);
INSERT INTO HISTORICO VALUES (2010,100,90000);
INSERT INTO HISTORICO VALUES (2011,100,110000);

	
	
	
-- TABLA VENTAS --

	-- ventas 02-12-2011
INSERT INTO VENTAS_V (caja,fecventa,forma_pago,numtarjeta)
	VALUES (4, TO_DATE('02-12-2011 13:25:03', 'DD-MM-YY HH24:mi:ss'),1,9873261273937463); 

INSERT INTO VENTAS_V (caja,fecventa,forma_pago)
	VALUES (3, TO_DATE('02-12-2011 10:23:03', 'DD-MM-YY HH24:mi:ss'),0); 

INSERT INTO VENTAS_V (caja,fecventa,forma_pago)
	VALUES (3, TO_DATE('02-12-2011 11:25:03', 'DD-MM-YY HH24:mi:ss'),0); 

INSERT INTO VENTAS_V (caja,fecventa,forma_pago)
	VALUES (2, TO_DATE('02-12-2011 10:25:03', 'DD-MM-YY HH24:mi:ss'),0); 

INSERT INTO VENTAS_V (caja,fecventa,forma_pago)
	VALUES (1, TO_DATE('02-12-2011 09:25:03', 'DD-MM-YY HH24:mi:ss'),0); 

INSERT INTO VENTAS_V (caja,fecventa,forma_pago)
	VALUES (2, TO_DATE('02-12-2011 14:25:03', 'DD-MM-YY HH24:mi:ss'),0); 

INSERT INTO VENTAS_V (caja,fecventa,forma_pago)
	VALUES (3, TO_DATE('02-12-2011 12:25:03', 'DD-MM-YY HH24:mi:ss'),0); 

INSERT INTO VENTAS_V (caja,fecventa,forma_pago,numtarjeta)
	VALUES (3, TO_DATE('02-12-2011 11:25:03', 'DD-MM-YY HH24:mi:ss'),1,9873268173937463); 

INSERT INTO VENTAS_V (caja,fecventa,forma_pago,numtarjeta)
	VALUES (4, TO_DATE('02-12-2011 10:25:03', 'DD-MM-YY HH24:mi:ss'),1,9873261273937409); 

INSERT INTO VENTAS_V (caja,fecventa,forma_pago,numtarjeta)
	VALUES (4, TO_DATE('02-12-2011 13:25:03', 'DD-MM-YY HH24:mi:ss'),1,9873261273937472); 

INSERT INTO VENTAS_V (caja,fecventa,forma_pago,numtarjeta)
	VALUES (4, TO_DATE('02-12-2011 16:25:03', 'DD-MM-YY HH24:mi:ss'),1,9873261273937463); 

INSERT INTO VENTAS_V (caja,fecventa,forma_pago)
	VALUES (3, TO_DATE('02-12-2011 15:23:03', 'DD-MM-YY HH24:mi:ss'),0); 

INSERT INTO VENTAS_V (caja,fecventa,forma_pago)
	VALUES (3, TO_DATE('02-12-2011 18:25:03', 'DD-MM-YY HH24:mi:ss'),0); 

INSERT INTO VENTAS_V (caja,fecventa,forma_pago)
	VALUES (2, TO_DATE('02-12-2011 19:25:03', 'DD-MM-YY HH24:mi:ss'),0); 

INSERT INTO VENTAS_V (caja,fecventa,forma_pago)
	VALUES (1, TO_DATE('02-12-2011 20:25:03', 'DD-MM-YY HH24:mi:ss'),0); 

INSERT INTO VENTAS_V (caja,fecventa,forma_pago)
	VALUES (2, TO_DATE('02-12-2011 15:25:03', 'DD-MM-YY HH24:mi:ss'),0); 

INSERT INTO VENTAS_V (caja,fecventa,forma_pago)
	VALUES (3, TO_DATE('02-12-2011 17:25:03', 'DD-MM-YY HH24:mi:ss'),0); 

INSERT INTO VENTAS_V (caja,fecventa,forma_pago,numtarjeta)
	VALUES (3, TO_DATE('02-12-2011 18:25:03', 'DD-MM-YY HH24:mi:ss'),1,9873268173937463); 

INSERT INTO VENTAS_V (caja,fecventa,forma_pago,numtarjeta)
	VALUES (4, TO_DATE('02-12-2011 16:25:03', 'DD-MM-YY HH24:mi:ss'),1,9873261273937409); 

INSERT INTO VENTAS_V (caja,fecventa,forma_pago,numtarjeta)
	VALUES (4, TO_DATE('02-12-2011 12:25:03', 'DD-MM-YY HH24:mi:ss'),1,9873261273937472); 

	-- ventas 01-12-2011
INSERT INTO VENTAS_V (caja,fecventa,forma_pago,numtarjeta)
	VALUES (4, TO_DATE('01-12-2011 13:25:03', 'DD-MM-YY HH24:mi:ss'),1,9873261273937463); 

INSERT INTO VENTAS_V (caja,fecventa,forma_pago)
	VALUES (3, TO_DATE('01-12-2011 10:23:03', 'DD-MM-YY HH24:mi:ss'),0); 

INSERT INTO VENTAS_V (caja,fecventa,forma_pago)
	VALUES (3, TO_DATE('01-12-2011 11:25:03', 'DD-MM-YY HH24:mi:ss'),0); 

INSERT INTO VENTAS_V (caja,fecventa,forma_pago)
	VALUES (2, TO_DATE('01-12-2011 10:25:03', 'DD-MM-YY HH24:mi:ss'),0); 

INSERT INTO VENTAS_V (caja,fecventa,forma_pago)
	VALUES (1, TO_DATE('01-12-2011 09:25:03', 'DD-MM-YY HH24:mi:ss'),0); 

INSERT INTO VENTAS_V (caja,fecventa,forma_pago)
	VALUES (2, TO_DATE('01-12-2011 14:25:03', 'DD-MM-YY HH24:mi:ss'),0); 

INSERT INTO VENTAS_V (caja,fecventa,forma_pago)
	VALUES (3, TO_DATE('01-12-2011 12:25:03', 'DD-MM-YY HH24:mi:ss'),0); 

INSERT INTO VENTAS_V (caja,fecventa,forma_pago,numtarjeta)
	VALUES (3, TO_DATE('01-12-2011 11:25:03', 'DD-MM-YY HH24:mi:ss'),1,9873268173937463); 

INSERT INTO VENTAS_V (caja,fecventa,forma_pago,numtarjeta)
	VALUES (4, TO_DATE('01-12-2011 10:25:03', 'DD-MM-YY HH24:mi:ss'),1,9873261273937409); 

INSERT INTO VENTAS_V (caja,fecventa,forma_pago,numtarjeta)
	VALUES (4, TO_DATE('01-12-2011 13:25:03', 'DD-MM-YY HH24:mi:ss'),1,9873261273937472); 

INSERT INTO VENTAS_V (caja,fecventa,forma_pago,numtarjeta)
	VALUES (4, TO_DATE('01-12-2011 16:25:03', 'DD-MM-YY HH24:mi:ss'),1,9873261273937463); 

INSERT INTO VENTAS_V (caja,fecventa,forma_pago)
	VALUES (3, TO_DATE('01-12-2011 15:23:03', 'DD-MM-YY HH24:mi:ss'),0); 

INSERT INTO VENTAS_V (caja,fecventa,forma_pago)
	VALUES (3, TO_DATE('01-12-2011 18:25:03', 'DD-MM-YY HH24:mi:ss'),0); 

INSERT INTO VENTAS_V (caja,fecventa,forma_pago)
	VALUES (2, TO_DATE('01-12-2011 19:25:03', 'DD-MM-YY HH24:mi:ss'),0); 

INSERT INTO VENTAS_V (caja,fecventa,forma_pago)
	VALUES (1, TO_DATE('01-12-2011 20:25:03', 'DD-MM-YY HH24:mi:ss'),0); 

INSERT INTO VENTAS_V (caja,fecventa,forma_pago)
	VALUES (2, TO_DATE('01-12-2011 15:25:03', 'DD-MM-YY HH24:mi:ss'),0); 

INSERT INTO VENTAS_V (caja,fecventa,forma_pago)
	VALUES (3, TO_DATE('01-12-2011 17:25:03', 'DD-MM-YY HH24:mi:ss'),0); 

INSERT INTO VENTAS_V (caja,fecventa,forma_pago,numtarjeta)
	VALUES (3, TO_DATE('01-12-2011 18:25:03', 'DD-MM-YY HH24:mi:ss'),1,9873268173937463); 

INSERT INTO VENTAS_V (caja,fecventa,forma_pago,numtarjeta)
	VALUES (4, TO_DATE('01-12-2011 16:25:03', 'DD-MM-YY HH24:mi:ss'),1,9873261273937409); 

INSERT INTO VENTAS_V (caja,fecventa,forma_pago,numtarjeta)
	VALUES (4, TO_DATE('01-12-2011 12:25:03', 'DD-MM-YY HH24:mi:ss'),1,9873261273937472); 
	
	
	-- ventas 30-11-2011
INSERT INTO VENTAS_V (caja,fecventa,forma_pago,numtarjeta)
	VALUES (4, TO_DATE('30-11-2011 13:25:03', 'DD-MM-YY HH24:mi:ss'),1,9873261273937463); 

INSERT INTO VENTAS_V (caja,fecventa,forma_pago)
	VALUES (3, TO_DATE('30-11-2011 10:23:03', 'DD-MM-YY HH24:mi:ss'),0); 

INSERT INTO VENTAS_V (caja,fecventa,forma_pago)
	VALUES (3, TO_DATE('30-11-2011 11:25:03', 'DD-MM-YY HH24:mi:ss'),0); 

INSERT INTO VENTAS_V (caja,fecventa,forma_pago)
	VALUES (2, TO_DATE('30-11-2011 10:25:03', 'DD-MM-YY HH24:mi:ss'),0); 

INSERT INTO VENTAS_V (caja,fecventa,forma_pago)
	VALUES (1, TO_DATE('30-11-2011 09:25:03', 'DD-MM-YY HH24:mi:ss'),0); 

INSERT INTO VENTAS_V (caja,fecventa,forma_pago)
	VALUES (2, TO_DATE('30-11-2011 14:25:03', 'DD-MM-YY HH24:mi:ss'),0); 

INSERT INTO VENTAS_V (caja,fecventa,forma_pago)
	VALUES (3, TO_DATE('30-11-2011 12:25:03', 'DD-MM-YY HH24:mi:ss'),0); 

INSERT INTO VENTAS_V (caja,fecventa,forma_pago,numtarjeta)
	VALUES (3, TO_DATE('30-11-2011 11:25:03', 'DD-MM-YY HH24:mi:ss'),1,9873268173937463); 

INSERT INTO VENTAS_V (caja,fecventa,forma_pago,numtarjeta)
	VALUES (4, TO_DATE('30-11-2011 10:25:03', 'DD-MM-YY HH24:mi:ss'),1,9873261273937409); 

INSERT INTO VENTAS_V (caja,fecventa,forma_pago,numtarjeta)
	VALUES (4, TO_DATE('30-11-2011 13:25:03', 'DD-MM-YY HH24:mi:ss'),1,9873261273937472); 

INSERT INTO VENTAS_V (caja,fecventa,forma_pago,numtarjeta)
	VALUES (4, TO_DATE('30-11-2011 16:25:03', 'DD-MM-YY HH24:mi:ss'),1,9873261273937463); 

INSERT INTO VENTAS_V (caja,fecventa,forma_pago)
	VALUES (3, TO_DATE('30-11-2011 15:23:03', 'DD-MM-YY HH24:mi:ss'),0); 

INSERT INTO VENTAS_V (caja,fecventa,forma_pago)
	VALUES (3, TO_DATE('30-11-2011 18:25:03', 'DD-MM-YY HH24:mi:ss'),0); 

INSERT INTO VENTAS_V (caja,fecventa,forma_pago)
	VALUES (2, TO_DATE('30-11-2011 19:25:03', 'DD-MM-YY HH24:mi:ss'),0); 

INSERT INTO VENTAS_V (caja,fecventa,forma_pago)
	VALUES (1, TO_DATE('30-11-2011 20:25:03', 'DD-MM-YY HH24:mi:ss'),0); 

INSERT INTO VENTAS_V (caja,fecventa,forma_pago)
	VALUES (2, TO_DATE('30-11-2011 15:25:03', 'DD-MM-YY HH24:mi:ss'),0); 

INSERT INTO VENTAS_V (caja,fecventa,forma_pago)
	VALUES (3, TO_DATE('30-11-2011 17:25:03', 'DD-MM-YY HH24:mi:ss'),0); 

INSERT INTO VENTAS_V (caja,fecventa,forma_pago,numtarjeta)
	VALUES (3, TO_DATE('30-11-2011 18:25:03', 'DD-MM-YY HH24:mi:ss'),1,9873268173937463); 

INSERT INTO VENTAS_V (caja,fecventa,forma_pago,numtarjeta)
	VALUES (4, TO_DATE('30-11-2011 16:25:03', 'DD-MM-YY HH24:mi:ss'),1,9873261273937409); 

INSERT INTO VENTAS_V (caja,fecventa,forma_pago,numtarjeta)
	VALUES (4, TO_DATE('30-11-2011 12:25:03', 'DD-MM-YY HH24:mi:ss'),1,9873261273937472); 		
		

	-- ventas 29-11-2011
INSERT INTO VENTAS_V (caja,fecventa,forma_pago,numtarjeta)
	VALUES (4, TO_DATE('29-11-2011 13:25:03', 'DD-MM-YY HH24:mi:ss'),1,9873261273937463); 

INSERT INTO VENTAS_V (caja,fecventa,forma_pago)
	VALUES (3, TO_DATE('29-11-2011 10:23:03', 'DD-MM-YY HH24:mi:ss'),0); 

INSERT INTO VENTAS_V (caja,fecventa,forma_pago)
	VALUES (3, TO_DATE('29-11-2011 11:25:03', 'DD-MM-YY HH24:mi:ss'),0); 

INSERT INTO VENTAS_V (caja,fecventa,forma_pago)
	VALUES (2, TO_DATE('29-11-2011 10:25:03', 'DD-MM-YY HH24:mi:ss'),0); 

INSERT INTO VENTAS_V (caja,fecventa,forma_pago)
	VALUES (1, TO_DATE('29-11-2011 09:25:03', 'DD-MM-YY HH24:mi:ss'),0); 

INSERT INTO VENTAS_V (caja,fecventa,forma_pago)
	VALUES (2, TO_DATE('29-11-2011 14:25:03', 'DD-MM-YY HH24:mi:ss'),0); 

INSERT INTO VENTAS_V (caja,fecventa,forma_pago)
	VALUES (3, TO_DATE('29-11-2011 12:25:03', 'DD-MM-YY HH24:mi:ss'),0); 

INSERT INTO VENTAS_V (caja,fecventa,forma_pago,numtarjeta)
	VALUES (3, TO_DATE('29-11-2011 11:25:03', 'DD-MM-YY HH24:mi:ss'),1,9873268173937463); 

INSERT INTO VENTAS_V (caja,fecventa,forma_pago,numtarjeta)
	VALUES (4, TO_DATE('29-11-2011 10:25:03', 'DD-MM-YY HH24:mi:ss'),1,9873261273937409); 

INSERT INTO VENTAS_V (caja,fecventa,forma_pago,numtarjeta)
	VALUES (4, TO_DATE('29-11-2011 13:25:03', 'DD-MM-YY HH24:mi:ss'),1,9873261273937472); 

INSERT INTO VENTAS_V (caja,fecventa,forma_pago,numtarjeta)
	VALUES (4, TO_DATE('29-11-2011 16:25:03', 'DD-MM-YY HH24:mi:ss'),1,9873261273937463); 

INSERT INTO VENTAS_V (caja,fecventa,forma_pago)
	VALUES (3, TO_DATE('29-11-2011 15:23:03', 'DD-MM-YY HH24:mi:ss'),0); 

INSERT INTO VENTAS_V (caja,fecventa,forma_pago)
	VALUES (3, TO_DATE('29-11-2011 18:25:03', 'DD-MM-YY HH24:mi:ss'),0); 

INSERT INTO VENTAS_V (caja,fecventa,forma_pago)
	VALUES (2, TO_DATE('29-11-2011 19:25:03', 'DD-MM-YY HH24:mi:ss'),0); 

INSERT INTO VENTAS_V (caja,fecventa,forma_pago)
	VALUES (1, TO_DATE('29-11-2011 20:25:03', 'DD-MM-YY HH24:mi:ss'),0); 

INSERT INTO VENTAS_V (caja,fecventa,forma_pago)
	VALUES (2, TO_DATE('29-11-2011 15:25:03', 'DD-MM-YY HH24:mi:ss'),0); 

INSERT INTO VENTAS_V (caja,fecventa,forma_pago)
	VALUES (3, TO_DATE('29-11-2011 17:25:03', 'DD-MM-YY HH24:mi:ss'),0); 

INSERT INTO VENTAS_V (caja,fecventa,forma_pago,numtarjeta)
	VALUES (3, TO_DATE('29-11-2011 18:25:03', 'DD-MM-YY HH24:mi:ss'),1,9873268173937463); 

INSERT INTO VENTAS_V (caja,fecventa,forma_pago,numtarjeta)
	VALUES (4, TO_DATE('29-11-2011 16:25:03', 'DD-MM-YY HH24:mi:ss'),1,9873261273937409); 

INSERT INTO VENTAS_V (caja,fecventa,forma_pago,numtarjeta)
	VALUES (4, TO_DATE('29-11-2011 12:25:03', 'DD-MM-YY HH24:mi:ss'),1,9873261273937472);	
	
	
	-- ventas 28-11-2011
INSERT INTO VENTAS_V (caja,fecventa,forma_pago,numtarjeta)
	VALUES (4, TO_DATE('28-11-2011 13:25:03', 'DD-MM-YY HH24:mi:ss'),1,9873261273937463); 

INSERT INTO VENTAS_V (caja,fecventa,forma_pago)
	VALUES (3, TO_DATE('28-11-2011 10:23:03', 'DD-MM-YY HH24:mi:ss'),0); 

INSERT INTO VENTAS_V (caja,fecventa,forma_pago)
	VALUES (3, TO_DATE('28-11-2011 11:25:03', 'DD-MM-YY HH24:mi:ss'),0); 

INSERT INTO VENTAS_V (caja,fecventa,forma_pago)
	VALUES (2, TO_DATE('28-11-2011 10:25:03', 'DD-MM-YY HH24:mi:ss'),0); 

INSERT INTO VENTAS_V (caja,fecventa,forma_pago)
	VALUES (1, TO_DATE('28-11-2011 09:25:03', 'DD-MM-YY HH24:mi:ss'),0); 

INSERT INTO VENTAS_V (caja,fecventa,forma_pago)
	VALUES (2, TO_DATE('28-11-2011 14:25:03', 'DD-MM-YY HH24:mi:ss'),0); 

INSERT INTO VENTAS_V (caja,fecventa,forma_pago)
	VALUES (3, TO_DATE('28-11-2011 12:25:03', 'DD-MM-YY HH24:mi:ss'),0); 

INSERT INTO VENTAS_V (caja,fecventa,forma_pago,numtarjeta)
	VALUES (3, TO_DATE('28-11-2011 11:25:03', 'DD-MM-YY HH24:mi:ss'),1,9873268173937463); 

INSERT INTO VENTAS_V (caja,fecventa,forma_pago,numtarjeta)
	VALUES (4, TO_DATE('28-11-2011 10:25:03', 'DD-MM-YY HH24:mi:ss'),1,9873261273937409); 

INSERT INTO VENTAS_V (caja,fecventa,forma_pago,numtarjeta)
	VALUES (4, TO_DATE('28-11-2011 13:25:03', 'DD-MM-YY HH24:mi:ss'),1,9873261273937472); 

INSERT INTO VENTAS_V (caja,fecventa,forma_pago,numtarjeta)
	VALUES (4, TO_DATE('28-11-2011 16:25:03', 'DD-MM-YY HH24:mi:ss'),1,9873261273937463); 

INSERT INTO VENTAS_V (caja,fecventa,forma_pago)
	VALUES (3, TO_DATE('28-11-2011 15:23:03', 'DD-MM-YY HH24:mi:ss'),0); 

INSERT INTO VENTAS_V (caja,fecventa,forma_pago)
	VALUES (3, TO_DATE('28-11-2011 18:25:03', 'DD-MM-YY HH24:mi:ss'),0); 

INSERT INTO VENTAS_V (caja,fecventa,forma_pago)
	VALUES (2, TO_DATE('28-11-2011 19:25:03', 'DD-MM-YY HH24:mi:ss'),0); 

INSERT INTO VENTAS_V (caja,fecventa,forma_pago)
	VALUES (1, TO_DATE('28-11-2011 20:25:03', 'DD-MM-YY HH24:mi:ss'),0); 

INSERT INTO VENTAS_V (caja,fecventa,forma_pago)
	VALUES (2, TO_DATE('28-11-2011 15:25:03', 'DD-MM-YY HH24:mi:ss'),0); 

INSERT INTO VENTAS_V (caja,fecventa,forma_pago)
	VALUES (3, TO_DATE('28-11-2011 17:25:03', 'DD-MM-YY HH24:mi:ss'),0); 

INSERT INTO VENTAS_V (caja,fecventa,forma_pago,numtarjeta)
	VALUES (3, TO_DATE('28-11-2011 18:25:03', 'DD-MM-YY HH24:mi:ss'),1,9873268173937463); 

INSERT INTO VENTAS_V (caja,fecventa,forma_pago,numtarjeta)
	VALUES (4, TO_DATE('28-11-2011 16:25:03', 'DD-MM-YY HH24:mi:ss'),1,9873261273937409); 

INSERT INTO VENTAS_V (caja,fecventa,forma_pago,numtarjeta)
	VALUES (4, TO_DATE('28-11-2011 12:25:03', 'DD-MM-YY HH24:mi:ss'),1,9873261273937472);		
	


	-- ventas 27-11-2011
INSERT INTO VENTAS_V (caja,fecventa,forma_pago,numtarjeta)
	VALUES (4, TO_DATE('27-11-2011 13:25:03', 'DD-MM-YY HH24:mi:ss'),1,9873261273937463); 

INSERT INTO VENTAS_V (caja,fecventa,forma_pago)
	VALUES (3, TO_DATE('27-11-2011 10:23:03', 'DD-MM-YY HH24:mi:ss'),0); 

INSERT INTO VENTAS_V (caja,fecventa,forma_pago)
	VALUES (3, TO_DATE('27-11-2011 11:25:03', 'DD-MM-YY HH24:mi:ss'),0); 

INSERT INTO VENTAS_V (caja,fecventa,forma_pago)
	VALUES (2, TO_DATE('27-11-2011 10:25:03', 'DD-MM-YY HH24:mi:ss'),0); 

INSERT INTO VENTAS_V (caja,fecventa,forma_pago)
	VALUES (1, TO_DATE('27-11-2011 09:25:03', 'DD-MM-YY HH24:mi:ss'),0); 

INSERT INTO VENTAS_V (caja,fecventa,forma_pago)
	VALUES (2, TO_DATE('27-11-2011 14:25:03', 'DD-MM-YY HH24:mi:ss'),0); 

INSERT INTO VENTAS_V (caja,fecventa,forma_pago)
	VALUES (3, TO_DATE('27-11-2011 12:25:03', 'DD-MM-YY HH24:mi:ss'),0); 

INSERT INTO VENTAS_V (caja,fecventa,forma_pago,numtarjeta)
	VALUES (3, TO_DATE('27-11-2011 11:25:03', 'DD-MM-YY HH24:mi:ss'),1,9873268173937463); 

INSERT INTO VENTAS_V (caja,fecventa,forma_pago,numtarjeta)
	VALUES (4, TO_DATE('27-11-2011 10:25:03', 'DD-MM-YY HH24:mi:ss'),1,9873261273937409); 

INSERT INTO VENTAS_V (caja,fecventa,forma_pago,numtarjeta)
	VALUES (4, TO_DATE('27-11-2011 13:25:03', 'DD-MM-YY HH24:mi:ss'),1,9873261273937472); 

INSERT INTO VENTAS_V (caja,fecventa,forma_pago,numtarjeta)
	VALUES (4, TO_DATE('27-11-2011 16:25:03', 'DD-MM-YY HH24:mi:ss'),1,9873261273937463); 

INSERT INTO VENTAS_V (caja,fecventa,forma_pago)
	VALUES (3, TO_DATE('27-11-2011 15:23:03', 'DD-MM-YY HH24:mi:ss'),0); 

INSERT INTO VENTAS_V (caja,fecventa,forma_pago)
	VALUES (3, TO_DATE('27-11-2011 18:25:03', 'DD-MM-YY HH24:mi:ss'),0); 

INSERT INTO VENTAS_V (caja,fecventa,forma_pago)
	VALUES (2, TO_DATE('27-11-2011 19:25:03', 'DD-MM-YY HH24:mi:ss'),0); 

INSERT INTO VENTAS_V (caja,fecventa,forma_pago)
	VALUES (1, TO_DATE('27-11-2011 20:25:03', 'DD-MM-YY HH24:mi:ss'),0); 

INSERT INTO VENTAS_V (caja,fecventa,forma_pago)
	VALUES (2, TO_DATE('27-11-2011 15:25:03', 'DD-MM-YY HH24:mi:ss'),0); 

INSERT INTO VENTAS_V (caja,fecventa,forma_pago)
	VALUES (3, TO_DATE('27-11-2011 17:25:03', 'DD-MM-YY HH24:mi:ss'),0); 

INSERT INTO VENTAS_V (caja,fecventa,forma_pago,numtarjeta)
	VALUES (3, TO_DATE('27-11-2011 18:25:03', 'DD-MM-YY HH24:mi:ss'),1,9873268173937463); 

INSERT INTO VENTAS_V (caja,fecventa,forma_pago,numtarjeta)
	VALUES (4, TO_DATE('27-11-2011 16:25:03', 'DD-MM-YY HH24:mi:ss'),1,9873261273937409); 

INSERT INTO VENTAS_V (caja,fecventa,forma_pago,numtarjeta)
	VALUES (4, TO_DATE('27-11-2011 12:25:03', 'DD-MM-YY HH24:mi:ss'),1,9873261273937472);	



	-- ventas 26-11-2011
INSERT INTO VENTAS_V (caja,fecventa,forma_pago,numtarjeta)
	VALUES (4, TO_DATE('26-11-2011 13:25:03', 'DD-MM-YY HH24:mi:ss'),1,9873261273937463); 

INSERT INTO VENTAS_V (caja,fecventa,forma_pago)
	VALUES (3, TO_DATE('26-11-2011 10:23:03', 'DD-MM-YY HH24:mi:ss'),0); 

INSERT INTO VENTAS_V (caja,fecventa,forma_pago)
	VALUES (3, TO_DATE('26-11-2011 11:25:03', 'DD-MM-YY HH24:mi:ss'),0); 

INSERT INTO VENTAS_V (caja,fecventa,forma_pago)
	VALUES (2, TO_DATE('26-11-2011 10:25:03', 'DD-MM-YY HH24:mi:ss'),0); 

INSERT INTO VENTAS_V (caja,fecventa,forma_pago)
	VALUES (1, TO_DATE('26-11-2011 09:25:03', 'DD-MM-YY HH24:mi:ss'),0); 

INSERT INTO VENTAS_V (caja,fecventa,forma_pago)
	VALUES (2, TO_DATE('26-11-2011 14:25:03', 'DD-MM-YY HH24:mi:ss'),0); 

INSERT INTO VENTAS_V (caja,fecventa,forma_pago)
	VALUES (3, TO_DATE('26-11-2011 12:25:03', 'DD-MM-YY HH24:mi:ss'),0); 

INSERT INTO VENTAS_V (caja,fecventa,forma_pago,numtarjeta)
	VALUES (3, TO_DATE('26-11-2011 11:25:03', 'DD-MM-YY HH24:mi:ss'),1,9873268173937463); 

INSERT INTO VENTAS_V (caja,fecventa,forma_pago,numtarjeta)
	VALUES (4, TO_DATE('26-11-2011 10:25:03', 'DD-MM-YY HH24:mi:ss'),1,9873261273937409); 

INSERT INTO VENTAS_V (caja,fecventa,forma_pago,numtarjeta)
	VALUES (4, TO_DATE('26-11-2011 13:25:03', 'DD-MM-YY HH24:mi:ss'),1,9873261273937472); 

INSERT INTO VENTAS_V (caja,fecventa,forma_pago,numtarjeta)
	VALUES (4, TO_DATE('26-11-2011 16:25:03', 'DD-MM-YY HH24:mi:ss'),1,9873261273937463); 

INSERT INTO VENTAS_V (caja,fecventa,forma_pago)
	VALUES (3, TO_DATE('26-11-2011 15:23:03', 'DD-MM-YY HH24:mi:ss'),0); 

INSERT INTO VENTAS_V (caja,fecventa,forma_pago)
	VALUES (3, TO_DATE('26-11-2011 18:25:03', 'DD-MM-YY HH24:mi:ss'),0); 

INSERT INTO VENTAS_V (caja,fecventa,forma_pago)
	VALUES (2, TO_DATE('26-11-2011 19:25:03', 'DD-MM-YY HH24:mi:ss'),0); 

INSERT INTO VENTAS_V (caja,fecventa,forma_pago)
	VALUES (1, TO_DATE('26-11-2011 20:25:03', 'DD-MM-YY HH24:mi:ss'),0); 

INSERT INTO VENTAS_V (caja,fecventa,forma_pago)
	VALUES (2, TO_DATE('26-11-2011 15:25:03', 'DD-MM-YY HH24:mi:ss'),0); 

INSERT INTO VENTAS_V (caja,fecventa,forma_pago)
	VALUES (3, TO_DATE('26-11-2011 17:25:03', 'DD-MM-YY HH24:mi:ss'),0); 

INSERT INTO VENTAS_V (caja,fecventa,forma_pago,numtarjeta)
	VALUES (3, TO_DATE('26-11-2011 18:25:03', 'DD-MM-YY HH24:mi:ss'),1,9873268173937463); 

INSERT INTO VENTAS_V (caja,fecventa,forma_pago,numtarjeta)
	VALUES (4, TO_DATE('26-11-2011 16:25:03', 'DD-MM-YY HH24:mi:ss'),1,9873261273937409); 

INSERT INTO VENTAS_V (caja,fecventa,forma_pago,numtarjeta)
	VALUES (4, TO_DATE('26-11-2011 12:25:03', 'DD-MM-YY HH24:mi:ss'),1,9873261273937472);	

	

	-- ventas 25-11-2011
INSERT INTO VENTAS_V (caja,fecventa,forma_pago,numtarjeta)
	VALUES (4, TO_DATE('25-11-2011 13:25:03', 'DD-MM-YY HH24:mi:ss'),1,9873261273937463); 

INSERT INTO VENTAS_V (caja,fecventa,forma_pago)
	VALUES (3, TO_DATE('25-11-2011 10:23:03', 'DD-MM-YY HH24:mi:ss'),0); 

INSERT INTO VENTAS_V (caja,fecventa,forma_pago)
	VALUES (3, TO_DATE('25-11-2011 11:25:03', 'DD-MM-YY HH24:mi:ss'),0); 

INSERT INTO VENTAS_V (caja,fecventa,forma_pago)
	VALUES (2, TO_DATE('25-11-2011 10:25:03', 'DD-MM-YY HH24:mi:ss'),0); 

INSERT INTO VENTAS_V (caja,fecventa,forma_pago)
	VALUES (1, TO_DATE('25-11-2011 09:25:03', 'DD-MM-YY HH24:mi:ss'),0); 

INSERT INTO VENTAS_V (caja,fecventa,forma_pago)
	VALUES (2, TO_DATE('25-11-2011 14:25:03', 'DD-MM-YY HH24:mi:ss'),0); 

INSERT INTO VENTAS_V (caja,fecventa,forma_pago)
	VALUES (3, TO_DATE('25-11-2011 12:25:03', 'DD-MM-YY HH24:mi:ss'),0); 

INSERT INTO VENTAS_V (caja,fecventa,forma_pago,numtarjeta)
	VALUES (3, TO_DATE('25-11-2011 11:25:03', 'DD-MM-YY HH24:mi:ss'),1,9873268173937463); 

INSERT INTO VENTAS_V (caja,fecventa,forma_pago,numtarjeta)
	VALUES (4, TO_DATE('25-11-2011 10:25:03', 'DD-MM-YY HH24:mi:ss'),1,9873261273937409); 

INSERT INTO VENTAS_V (caja,fecventa,forma_pago,numtarjeta)
	VALUES (4, TO_DATE('25-11-2011 13:25:03', 'DD-MM-YY HH24:mi:ss'),1,9873261273937472); 

INSERT INTO VENTAS_V (caja,fecventa,forma_pago,numtarjeta)
	VALUES (4, TO_DATE('25-11-2011 16:25:03', 'DD-MM-YY HH24:mi:ss'),1,9873261273937463); 

INSERT INTO VENTAS_V (caja,fecventa,forma_pago)
	VALUES (3, TO_DATE('25-11-2011 15:23:03', 'DD-MM-YY HH24:mi:ss'),0); 

INSERT INTO VENTAS_V (caja,fecventa,forma_pago)
	VALUES (3, TO_DATE('25-11-2011 18:25:03', 'DD-MM-YY HH24:mi:ss'),0); 

INSERT INTO VENTAS_V (caja,fecventa,forma_pago)
	VALUES (2, TO_DATE('25-11-2011 19:25:03', 'DD-MM-YY HH24:mi:ss'),0); 

INSERT INTO VENTAS_V (caja,fecventa,forma_pago)
	VALUES (1, TO_DATE('25-11-2011 20:25:03', 'DD-MM-YY HH24:mi:ss'),0); 

INSERT INTO VENTAS_V (caja,fecventa,forma_pago)
	VALUES (2, TO_DATE('25-11-2011 15:25:03', 'DD-MM-YY HH24:mi:ss'),0); 

INSERT INTO VENTAS_V (caja,fecventa,forma_pago)
	VALUES (3, TO_DATE('25-11-2011 17:25:03', 'DD-MM-YY HH24:mi:ss'),0); 

INSERT INTO VENTAS_V (caja,fecventa,forma_pago,numtarjeta)
	VALUES (3, TO_DATE('25-11-2011 18:25:03', 'DD-MM-YY HH24:mi:ss'),1,9873268173937463); 

INSERT INTO VENTAS_V (caja,fecventa,forma_pago,numtarjeta)
	VALUES (4, TO_DATE('25-11-2011 16:25:03', 'DD-MM-YY HH24:mi:ss'),1,9873261273937409); 

INSERT INTO VENTAS_V (caja,fecventa,forma_pago,numtarjeta)
	VALUES (4, TO_DATE('25-11-2011 12:25:03', 'DD-MM-YY HH24:mi:ss'),1,9873261273937472);		
	
	
		
	-- ventas 24-11-2011
INSERT INTO VENTAS_V (caja,fecventa,forma_pago,numtarjeta)
	VALUES (4, TO_DATE('24-11-2011 13:25:03', 'DD-MM-YY HH24:mi:ss'),1,9873261273937463); 

INSERT INTO VENTAS_V (caja,fecventa,forma_pago)
	VALUES (3, TO_DATE('24-11-2011 10:23:03', 'DD-MM-YY HH24:mi:ss'),0); 

INSERT INTO VENTAS_V (caja,fecventa,forma_pago)
	VALUES (3, TO_DATE('24-11-2011 11:25:03', 'DD-MM-YY HH24:mi:ss'),0); 

INSERT INTO VENTAS_V (caja,fecventa,forma_pago)
	VALUES (2, TO_DATE('24-11-2011 10:25:03', 'DD-MM-YY HH24:mi:ss'),0); 

INSERT INTO VENTAS_V (caja,fecventa,forma_pago)
	VALUES (1, TO_DATE('24-11-2011 09:25:03', 'DD-MM-YY HH24:mi:ss'),0); 

INSERT INTO VENTAS_V (caja,fecventa,forma_pago)
	VALUES (2, TO_DATE('24-11-2011 14:25:03', 'DD-MM-YY HH24:mi:ss'),0); 

INSERT INTO VENTAS_V (caja,fecventa,forma_pago)
	VALUES (3, TO_DATE('24-11-2011 12:25:03', 'DD-MM-YY HH24:mi:ss'),0); 

INSERT INTO VENTAS_V (caja,fecventa,forma_pago,numtarjeta)
	VALUES (3, TO_DATE('24-11-2011 11:25:03', 'DD-MM-YY HH24:mi:ss'),1,9873268173937463); 

INSERT INTO VENTAS_V (caja,fecventa,forma_pago,numtarjeta)
	VALUES (4, TO_DATE('24-11-2011 10:25:03', 'DD-MM-YY HH24:mi:ss'),1,9873261273937409); 

INSERT INTO VENTAS_V (caja,fecventa,forma_pago,numtarjeta)
	VALUES (4, TO_DATE('24-11-2011 13:25:03', 'DD-MM-YY HH24:mi:ss'),1,9873261273937472); 

INSERT INTO VENTAS_V (caja,fecventa,forma_pago,numtarjeta)
	VALUES (4, TO_DATE('24-11-2011 16:25:03', 'DD-MM-YY HH24:mi:ss'),1,9873261273937463); 

INSERT INTO VENTAS_V (caja,fecventa,forma_pago)
	VALUES (3, TO_DATE('24-11-2011 15:23:03', 'DD-MM-YY HH24:mi:ss'),0); 

INSERT INTO VENTAS_V (caja,fecventa,forma_pago)
	VALUES (3, TO_DATE('24-11-2011 18:25:03', 'DD-MM-YY HH24:mi:ss'),0); 

INSERT INTO VENTAS_V (caja,fecventa,forma_pago)
	VALUES (2, TO_DATE('24-11-2011 19:25:03', 'DD-MM-YY HH24:mi:ss'),0); 

INSERT INTO VENTAS_V (caja,fecventa,forma_pago)
	VALUES (1, TO_DATE('24-11-2011 20:25:03', 'DD-MM-YY HH24:mi:ss'),0); 

INSERT INTO VENTAS_V (caja,fecventa,forma_pago)
	VALUES (2, TO_DATE('24-11-2011 15:25:03', 'DD-MM-YY HH24:mi:ss'),0); 

INSERT INTO VENTAS_V (caja,fecventa,forma_pago)
	VALUES (3, TO_DATE('24-11-2011 17:25:03', 'DD-MM-YY HH24:mi:ss'),0); 

INSERT INTO VENTAS_V (caja,fecventa,forma_pago,numtarjeta)
	VALUES (3, TO_DATE('24-11-2011 18:25:03', 'DD-MM-YY HH24:mi:ss'),1,9873268173937463); 

INSERT INTO VENTAS_V (caja,fecventa,forma_pago,numtarjeta)
	VALUES (4, TO_DATE('24-11-2011 16:25:03', 'DD-MM-YY HH24:mi:ss'),1,9873261273937409); 

INSERT INTO VENTAS_V (caja,fecventa,forma_pago,numtarjeta)
	VALUES (4, TO_DATE('24-11-2011 12:25:03', 'DD-MM-YY HH24:mi:ss'),1,9873261273937472);		
	
	
	-- ventas 23-11-2011
INSERT INTO VENTAS_V (caja,fecventa,forma_pago,numtarjeta)
	VALUES (4, TO_DATE('23-11-2011 13:25:03', 'DD-MM-YY HH24:mi:ss'),1,9873261273937463); 

INSERT INTO VENTAS_V (caja,fecventa,forma_pago)
	VALUES (3, TO_DATE('23-11-2011 10:23:03', 'DD-MM-YY HH24:mi:ss'),0); 

INSERT INTO VENTAS_V (caja,fecventa,forma_pago)
	VALUES (3, TO_DATE('23-11-2011 11:25:03', 'DD-MM-YY HH24:mi:ss'),0); 

INSERT INTO VENTAS_V (caja,fecventa,forma_pago)
	VALUES (2, TO_DATE('23-11-2011 10:25:03', 'DD-MM-YY HH24:mi:ss'),0); 

INSERT INTO VENTAS_V (caja,fecventa,forma_pago)
	VALUES (1, TO_DATE('23-11-2011 09:25:03', 'DD-MM-YY HH24:mi:ss'),0); 

INSERT INTO VENTAS_V (caja,fecventa,forma_pago)
	VALUES (2, TO_DATE('23-11-2011 14:25:03', 'DD-MM-YY HH24:mi:ss'),0); 

INSERT INTO VENTAS_V (caja,fecventa,forma_pago)
	VALUES (3, TO_DATE('23-11-2011 12:25:03', 'DD-MM-YY HH24:mi:ss'),0); 

INSERT INTO VENTAS_V (caja,fecventa,forma_pago,numtarjeta)
	VALUES (3, TO_DATE('23-11-2011 11:25:03', 'DD-MM-YY HH24:mi:ss'),1,9873268173937463); 

INSERT INTO VENTAS_V (caja,fecventa,forma_pago,numtarjeta)
	VALUES (4, TO_DATE('23-11-2011 10:25:03', 'DD-MM-YY HH24:mi:ss'),1,9873261273937409); 

INSERT INTO VENTAS_V (caja,fecventa,forma_pago,numtarjeta)
	VALUES (4, TO_DATE('23-11-2011 13:25:03', 'DD-MM-YY HH24:mi:ss'),1,9873261273937472); 

INSERT INTO VENTAS_V (caja,fecventa,forma_pago,numtarjeta)
	VALUES (4, TO_DATE('23-11-2011 16:25:03', 'DD-MM-YY HH24:mi:ss'),1,9873261273937463); 

INSERT INTO VENTAS_V (caja,fecventa,forma_pago)
	VALUES (3, TO_DATE('23-11-2011 15:23:03', 'DD-MM-YY HH24:mi:ss'),0); 

INSERT INTO VENTAS_V (caja,fecventa,forma_pago)
	VALUES (3, TO_DATE('23-11-2011 18:25:03', 'DD-MM-YY HH24:mi:ss'),0); 

INSERT INTO VENTAS_V (caja,fecventa,forma_pago)
	VALUES (2, TO_DATE('23-11-2011 19:25:03', 'DD-MM-YY HH24:mi:ss'),0); 

INSERT INTO VENTAS_V (caja,fecventa,forma_pago)
	VALUES (1, TO_DATE('23-11-2011 20:25:03', 'DD-MM-YY HH24:mi:ss'),0); 

INSERT INTO VENTAS_V (caja,fecventa,forma_pago)
	VALUES (2, TO_DATE('23-11-2011 15:25:03', 'DD-MM-YY HH24:mi:ss'),0); 

INSERT INTO VENTAS_V (caja,fecventa,forma_pago)
	VALUES (3, TO_DATE('23-11-2011 17:25:03', 'DD-MM-YY HH24:mi:ss'),0); 

INSERT INTO VENTAS_V (caja,fecventa,forma_pago,numtarjeta)
	VALUES (3, TO_DATE('23-11-2011 18:25:03', 'DD-MM-YY HH24:mi:ss'),1,9873268173937463); 

INSERT INTO VENTAS_V (caja,fecventa,forma_pago,numtarjeta)
	VALUES (4, TO_DATE('23-11-2011 16:25:03', 'DD-MM-YY HH24:mi:ss'),1,9873261273937409); 

INSERT INTO VENTAS_V (caja,fecventa,forma_pago,numtarjeta)
	VALUES (4, TO_DATE('23-11-2011 12:25:03', 'DD-MM-YY HH24:mi:ss'),1,9873261273937472);		
	
		
	-- ventas 22-11-2011
INSERT INTO VENTAS_V (caja,fecventa,forma_pago,numtarjeta)
	VALUES (4, TO_DATE('22-11-2011 13:25:03', 'DD-MM-YY HH24:mi:ss'),1,9873261273937463); 

INSERT INTO VENTAS_V (caja,fecventa,forma_pago)
	VALUES (3, TO_DATE('22-11-2011 10:23:03', 'DD-MM-YY HH24:mi:ss'),0); 

INSERT INTO VENTAS_V (caja,fecventa,forma_pago)
	VALUES (3, TO_DATE('22-11-2011 11:25:03', 'DD-MM-YY HH24:mi:ss'),0); 

INSERT INTO VENTAS_V (caja,fecventa,forma_pago)
	VALUES (2, TO_DATE('22-11-2011 10:25:03', 'DD-MM-YY HH24:mi:ss'),0); 

INSERT INTO VENTAS_V (caja,fecventa,forma_pago)
	VALUES (1, TO_DATE('22-11-2011 09:25:03', 'DD-MM-YY HH24:mi:ss'),0); 

INSERT INTO VENTAS_V (caja,fecventa,forma_pago)
	VALUES (2, TO_DATE('22-11-2011 14:25:03', 'DD-MM-YY HH24:mi:ss'),0); 

INSERT INTO VENTAS_V (caja,fecventa,forma_pago)
	VALUES (3, TO_DATE('22-11-2011 12:25:03', 'DD-MM-YY HH24:mi:ss'),0); 

INSERT INTO VENTAS_V (caja,fecventa,forma_pago,numtarjeta)
	VALUES (3, TO_DATE('22-11-2011 11:25:03', 'DD-MM-YY HH24:mi:ss'),1,9873268173937463); 

INSERT INTO VENTAS_V (caja,fecventa,forma_pago,numtarjeta)
	VALUES (4, TO_DATE('22-11-2011 10:25:03', 'DD-MM-YY HH24:mi:ss'),1,9873261273937409); 

INSERT INTO VENTAS_V (caja,fecventa,forma_pago,numtarjeta)
	VALUES (4, TO_DATE('22-11-2011 13:25:03', 'DD-MM-YY HH24:mi:ss'),1,9873261273937472); 

INSERT INTO VENTAS_V (caja,fecventa,forma_pago,numtarjeta)
	VALUES (4, TO_DATE('22-11-2011 16:25:03', 'DD-MM-YY HH24:mi:ss'),1,9873261273937463); 

INSERT INTO VENTAS_V (caja,fecventa,forma_pago)
	VALUES (3, TO_DATE('22-11-2011 15:23:03', 'DD-MM-YY HH24:mi:ss'),0); 

INSERT INTO VENTAS_V (caja,fecventa,forma_pago)
	VALUES (3, TO_DATE('22-11-2011 18:25:03', 'DD-MM-YY HH24:mi:ss'),0); 

INSERT INTO VENTAS_V (caja,fecventa,forma_pago)
	VALUES (2, TO_DATE('22-11-2011 19:25:03', 'DD-MM-YY HH24:mi:ss'),0); 

INSERT INTO VENTAS_V (caja,fecventa,forma_pago)
	VALUES (1, TO_DATE('22-11-2011 20:25:03', 'DD-MM-YY HH24:mi:ss'),0); 

INSERT INTO VENTAS_V (caja,fecventa,forma_pago)
	VALUES (2, TO_DATE('22-11-2011 15:25:03', 'DD-MM-YY HH24:mi:ss'),0); 

INSERT INTO VENTAS_V (caja,fecventa,forma_pago)
	VALUES (3, TO_DATE('22-11-2011 17:25:03', 'DD-MM-YY HH24:mi:ss'),0); 

INSERT INTO VENTAS_V (caja,fecventa,forma_pago,numtarjeta)
	VALUES (3, TO_DATE('22-11-2011 18:25:03', 'DD-MM-YY HH24:mi:ss'),1,9873268173937463); 

INSERT INTO VENTAS_V (caja,fecventa,forma_pago,numtarjeta)
	VALUES (4, TO_DATE('22-11-2011 16:25:03', 'DD-MM-YY HH24:mi:ss'),1,9873261273937409); 

INSERT INTO VENTAS_V (caja,fecventa,forma_pago,numtarjeta)
	VALUES (4, TO_DATE('22-11-2011 12:25:03', 'DD-MM-YY HH24:mi:ss'),1,9873261273937472);	



	-- ventas 22-11-2011
INSERT INTO VENTAS_V (caja,fecventa,forma_pago,numtarjeta)
	VALUES (4, TO_DATE('22-11-2011 13:25:03', 'DD-MM-YY HH24:mi:ss'),1,9873261273937463); 

INSERT INTO VENTAS_V (caja,fecventa,forma_pago)
	VALUES (3, TO_DATE('22-11-2011 10:23:03', 'DD-MM-YY HH24:mi:ss'),0); 

INSERT INTO VENTAS_V (caja,fecventa,forma_pago)
	VALUES (3, TO_DATE('22-11-2011 11:25:03', 'DD-MM-YY HH24:mi:ss'),0); 

INSERT INTO VENTAS_V (caja,fecventa,forma_pago)
	VALUES (2, TO_DATE('22-11-2011 10:25:03', 'DD-MM-YY HH24:mi:ss'),0); 

INSERT INTO VENTAS_V (caja,fecventa,forma_pago)
	VALUES (1, TO_DATE('22-11-2011 09:25:03', 'DD-MM-YY HH24:mi:ss'),0); 

INSERT INTO VENTAS_V (caja,fecventa,forma_pago)
	VALUES (2, TO_DATE('22-11-2011 14:25:03', 'DD-MM-YY HH24:mi:ss'),0); 

INSERT INTO VENTAS_V (caja,fecventa,forma_pago)
	VALUES (3, TO_DATE('22-11-2011 12:25:03', 'DD-MM-YY HH24:mi:ss'),0); 

INSERT INTO VENTAS_V (caja,fecventa,forma_pago,numtarjeta)
	VALUES (3, TO_DATE('22-11-2011 11:25:03', 'DD-MM-YY HH24:mi:ss'),1,9873268173937463); 

INSERT INTO VENTAS_V (caja,fecventa,forma_pago,numtarjeta)
	VALUES (4, TO_DATE('22-11-2011 10:25:03', 'DD-MM-YY HH24:mi:ss'),1,9873261273937409); 

INSERT INTO VENTAS_V (caja,fecventa,forma_pago,numtarjeta)
	VALUES (4, TO_DATE('22-11-2011 13:25:03', 'DD-MM-YY HH24:mi:ss'),1,9873261273937472); 

INSERT INTO VENTAS_V (caja,fecventa,forma_pago,numtarjeta)
	VALUES (4, TO_DATE('22-11-2011 16:25:03', 'DD-MM-YY HH24:mi:ss'),1,9873261273937463); 

INSERT INTO VENTAS_V (caja,fecventa,forma_pago)
	VALUES (3, TO_DATE('22-11-2011 15:23:03', 'DD-MM-YY HH24:mi:ss'),0); 

INSERT INTO VENTAS_V (caja,fecventa,forma_pago)
	VALUES (3, TO_DATE('22-11-2011 18:25:03', 'DD-MM-YY HH24:mi:ss'),0); 

INSERT INTO VENTAS_V (caja,fecventa,forma_pago)
	VALUES (2, TO_DATE('22-11-2011 19:25:03', 'DD-MM-YY HH24:mi:ss'),0); 

INSERT INTO VENTAS_V (caja,fecventa,forma_pago)
	VALUES (1, TO_DATE('22-11-2011 20:25:03', 'DD-MM-YY HH24:mi:ss'),0); 

INSERT INTO VENTAS_V (caja,fecventa,forma_pago)
	VALUES (2, TO_DATE('22-11-2011 15:25:03', 'DD-MM-YY HH24:mi:ss'),0); 

INSERT INTO VENTAS_V (caja,fecventa,forma_pago)
	VALUES (3, TO_DATE('22-11-2011 17:25:03', 'DD-MM-YY HH24:mi:ss'),0); 

INSERT INTO VENTAS_V (caja,fecventa,forma_pago,numtarjeta)
	VALUES (3, TO_DATE('22-11-2011 18:25:03', 'DD-MM-YY HH24:mi:ss'),1,9873268173937463); 

INSERT INTO VENTAS_V (caja,fecventa,forma_pago,numtarjeta)
	VALUES (4, TO_DATE('22-11-2011 16:25:03', 'DD-MM-YY HH24:mi:ss'),1,9873261273937409); 

INSERT INTO VENTAS_V (caja,fecventa,forma_pago,numtarjeta)
	VALUES (4, TO_DATE('22-11-2011 12:25:03', 'DD-MM-YY HH24:mi:ss'),1,9873261273937472);	



	-- ventas 21-11-2011
INSERT INTO VENTAS_V (caja,fecventa,forma_pago,numtarjeta)
	VALUES (4, TO_DATE('21-11-2011 13:25:03', 'DD-MM-YY HH24:mi:ss'),1,9873261273937463); 

INSERT INTO VENTAS_V (caja,fecventa,forma_pago)
	VALUES (3, TO_DATE('21-11-2011 10:23:03', 'DD-MM-YY HH24:mi:ss'),0); 

INSERT INTO VENTAS_V (caja,fecventa,forma_pago)
	VALUES (3, TO_DATE('21-11-2011 11:25:03', 'DD-MM-YY HH24:mi:ss'),0); 

INSERT INTO VENTAS_V (caja,fecventa,forma_pago)
	VALUES (2, TO_DATE('21-11-2011 10:25:03', 'DD-MM-YY HH24:mi:ss'),0); 

INSERT INTO VENTAS_V (caja,fecventa,forma_pago)
	VALUES (1, TO_DATE('21-11-2011 09:25:03', 'DD-MM-YY HH24:mi:ss'),0); 

INSERT INTO VENTAS_V (caja,fecventa,forma_pago)
	VALUES (2, TO_DATE('21-11-2011 14:25:03', 'DD-MM-YY HH24:mi:ss'),0); 

INSERT INTO VENTAS_V (caja,fecventa,forma_pago)
	VALUES (3, TO_DATE('21-11-2011 12:25:03', 'DD-MM-YY HH24:mi:ss'),0); 

INSERT INTO VENTAS_V (caja,fecventa,forma_pago,numtarjeta)
	VALUES (3, TO_DATE('21-11-2011 11:25:03', 'DD-MM-YY HH24:mi:ss'),1,9873268173937463); 

INSERT INTO VENTAS_V (caja,fecventa,forma_pago,numtarjeta)
	VALUES (4, TO_DATE('21-11-2011 10:25:03', 'DD-MM-YY HH24:mi:ss'),1,9873261273937409); 

INSERT INTO VENTAS_V (caja,fecventa,forma_pago,numtarjeta)
	VALUES (4, TO_DATE('21-11-2011 13:25:03', 'DD-MM-YY HH24:mi:ss'),1,9873261273937472); 

INSERT INTO VENTAS_V (caja,fecventa,forma_pago,numtarjeta)
	VALUES (4, TO_DATE('21-11-2011 16:25:03', 'DD-MM-YY HH24:mi:ss'),1,9873261273937463); 

INSERT INTO VENTAS_V (caja,fecventa,forma_pago)
	VALUES (3, TO_DATE('21-11-2011 15:23:03', 'DD-MM-YY HH24:mi:ss'),0); 

INSERT INTO VENTAS_V (caja,fecventa,forma_pago)
	VALUES (3, TO_DATE('21-11-2011 18:25:03', 'DD-MM-YY HH24:mi:ss'),0); 

INSERT INTO VENTAS_V (caja,fecventa,forma_pago)
	VALUES (2, TO_DATE('21-11-2011 19:25:03', 'DD-MM-YY HH24:mi:ss'),0); 

INSERT INTO VENTAS_V (caja,fecventa,forma_pago)
	VALUES (1, TO_DATE('21-11-2011 20:25:03', 'DD-MM-YY HH24:mi:ss'),0); 

INSERT INTO VENTAS_V (caja,fecventa,forma_pago)
	VALUES (2, TO_DATE('21-11-2011 15:25:03', 'DD-MM-YY HH24:mi:ss'),0); 

INSERT INTO VENTAS_V (caja,fecventa,forma_pago)
	VALUES (3, TO_DATE('21-11-2011 17:25:03', 'DD-MM-YY HH24:mi:ss'),0); 

INSERT INTO VENTAS_V (caja,fecventa,forma_pago,numtarjeta)
	VALUES (3, TO_DATE('21-11-2011 18:25:03', 'DD-MM-YY HH24:mi:ss'),1,9873268173937463); 

INSERT INTO VENTAS_V (caja,fecventa,forma_pago,numtarjeta)
	VALUES (4, TO_DATE('21-11-2011 16:25:03', 'DD-MM-YY HH24:mi:ss'),1,9873261273937409); 

INSERT INTO VENTAS_V (caja,fecventa,forma_pago,numtarjeta)
	VALUES (4, TO_DATE('21-11-2011 12:25:03', 'DD-MM-YY HH24:mi:ss'),1,9873261273937472);	


	-- ventas 20-11-2011
INSERT INTO VENTAS_V (caja,fecventa,forma_pago,numtarjeta)
	VALUES (4, TO_DATE('20-11-2011 13:25:03', 'DD-MM-YY HH24:mi:ss'),1,9873261273937463); 

INSERT INTO VENTAS_V (caja,fecventa,forma_pago)
	VALUES (3, TO_DATE('20-11-2011 10:23:03', 'DD-MM-YY HH24:mi:ss'),0); 

INSERT INTO VENTAS_V (caja,fecventa,forma_pago)
	VALUES (3, TO_DATE('20-11-2011 11:25:03', 'DD-MM-YY HH24:mi:ss'),0); 

INSERT INTO VENTAS_V (caja,fecventa,forma_pago)
	VALUES (2, TO_DATE('20-11-2011 10:25:03', 'DD-MM-YY HH24:mi:ss'),0); 

INSERT INTO VENTAS_V (caja,fecventa,forma_pago)
	VALUES (1, TO_DATE('20-11-2011 09:25:03', 'DD-MM-YY HH24:mi:ss'),0); 

INSERT INTO VENTAS_V (caja,fecventa,forma_pago)
	VALUES (2, TO_DATE('20-11-2011 14:25:03', 'DD-MM-YY HH24:mi:ss'),0); 

INSERT INTO VENTAS_V (caja,fecventa,forma_pago)
	VALUES (3, TO_DATE('20-11-2011 12:25:03', 'DD-MM-YY HH24:mi:ss'),0); 

INSERT INTO VENTAS_V (caja,fecventa,forma_pago,numtarjeta)
	VALUES (3, TO_DATE('20-11-2011 11:25:03', 'DD-MM-YY HH24:mi:ss'),1,9873268173937463); 

INSERT INTO VENTAS_V (caja,fecventa,forma_pago,numtarjeta)
	VALUES (4, TO_DATE('20-11-2011 10:25:03', 'DD-MM-YY HH24:mi:ss'),1,9873261273937409); 

INSERT INTO VENTAS_V (caja,fecventa,forma_pago,numtarjeta)
	VALUES (4, TO_DATE('20-11-2011 13:25:03', 'DD-MM-YY HH24:mi:ss'),1,9873261273937472); 

INSERT INTO VENTAS_V (caja,fecventa,forma_pago,numtarjeta)
	VALUES (4, TO_DATE('20-11-2011 16:25:03', 'DD-MM-YY HH24:mi:ss'),1,9873261273937463); 

INSERT INTO VENTAS_V (caja,fecventa,forma_pago)
	VALUES (3, TO_DATE('20-11-2011 15:23:03', 'DD-MM-YY HH24:mi:ss'),0); 

INSERT INTO VENTAS_V (caja,fecventa,forma_pago)
	VALUES (3, TO_DATE('20-11-2011 18:25:03', 'DD-MM-YY HH24:mi:ss'),0); 

INSERT INTO VENTAS_V (caja,fecventa,forma_pago)
	VALUES (2, TO_DATE('20-11-2011 19:25:03', 'DD-MM-YY HH24:mi:ss'),0); 

INSERT INTO VENTAS_V (caja,fecventa,forma_pago)
	VALUES (1, TO_DATE('20-11-2011 20:25:03', 'DD-MM-YY HH24:mi:ss'),0); 

INSERT INTO VENTAS_V (caja,fecventa,forma_pago)
	VALUES (2, TO_DATE('20-11-2011 15:25:03', 'DD-MM-YY HH24:mi:ss'),0); 

INSERT INTO VENTAS_V (caja,fecventa,forma_pago)
	VALUES (3, TO_DATE('20-11-2011 17:25:03', 'DD-MM-YY HH24:mi:ss'),0); 

INSERT INTO VENTAS_V (caja,fecventa,forma_pago,numtarjeta)
	VALUES (3, TO_DATE('20-11-2011 18:25:03', 'DD-MM-YY HH24:mi:ss'),1,9873268173937463); 

INSERT INTO VENTAS_V (caja,fecventa,forma_pago,numtarjeta)
	VALUES (4, TO_DATE('20-11-2011 16:25:03', 'DD-MM-YY HH24:mi:ss'),1,9873261273937409); 

INSERT INTO VENTAS_V (caja,fecventa,forma_pago,numtarjeta)
	VALUES (4, TO_DATE('20-11-2011 12:25:03', 'DD-MM-YY HH24:mi:ss'),1,9873261273937472);	

	
		-- ventas 19-11-2011
INSERT INTO VENTAS_V (caja,fecventa,forma_pago,numtarjeta)
	VALUES (4, TO_DATE('19-11-2011 13:25:03', 'DD-MM-YY HH24:mi:ss'),1,9873261273937463); 

INSERT INTO VENTAS_V (caja,fecventa,forma_pago)
	VALUES (3, TO_DATE('19-11-2011 10:23:03', 'DD-MM-YY HH24:mi:ss'),0); 

INSERT INTO VENTAS_V (caja,fecventa,forma_pago)
	VALUES (3, TO_DATE('19-11-2011 11:25:03', 'DD-MM-YY HH24:mi:ss'),0); 

INSERT INTO VENTAS_V (caja,fecventa,forma_pago)
	VALUES (2, TO_DATE('19-11-2011 10:25:03', 'DD-MM-YY HH24:mi:ss'),0); 

INSERT INTO VENTAS_V (caja,fecventa,forma_pago)
	VALUES (1, TO_DATE('19-11-2011 09:25:03', 'DD-MM-YY HH24:mi:ss'),0); 

INSERT INTO VENTAS_V (caja,fecventa,forma_pago)
	VALUES (2, TO_DATE('19-11-2011 14:25:03', 'DD-MM-YY HH24:mi:ss'),0); 

INSERT INTO VENTAS_V (caja,fecventa,forma_pago)
	VALUES (3, TO_DATE('19-11-2011 12:25:03', 'DD-MM-YY HH24:mi:ss'),0); 

INSERT INTO VENTAS_V (caja,fecventa,forma_pago,numtarjeta)
	VALUES (3, TO_DATE('19-11-2011 11:25:03', 'DD-MM-YY HH24:mi:ss'),1,9873268173937463); 

INSERT INTO VENTAS_V (caja,fecventa,forma_pago,numtarjeta)
	VALUES (4, TO_DATE('19-11-2011 10:25:03', 'DD-MM-YY HH24:mi:ss'),1,9873261273937409); 

INSERT INTO VENTAS_V (caja,fecventa,forma_pago,numtarjeta)
	VALUES (4, TO_DATE('19-11-2011 13:25:03', 'DD-MM-YY HH24:mi:ss'),1,9873261273937472); 

INSERT INTO VENTAS_V (caja,fecventa,forma_pago,numtarjeta)
	VALUES (4, TO_DATE('19-11-2011 16:25:03', 'DD-MM-YY HH24:mi:ss'),1,9873261273937463); 

INSERT INTO VENTAS_V (caja,fecventa,forma_pago)
	VALUES (3, TO_DATE('19-11-2011 15:23:03', 'DD-MM-YY HH24:mi:ss'),0); 

INSERT INTO VENTAS_V (caja,fecventa,forma_pago)
	VALUES (3, TO_DATE('19-11-2011 18:25:03', 'DD-MM-YY HH24:mi:ss'),0); 

INSERT INTO VENTAS_V (caja,fecventa,forma_pago)
	VALUES (2, TO_DATE('19-11-2011 19:25:03', 'DD-MM-YY HH24:mi:ss'),0); 

INSERT INTO VENTAS_V (caja,fecventa,forma_pago)
	VALUES (1, TO_DATE('19-11-2011 20:25:03', 'DD-MM-YY HH24:mi:ss'),0); 

INSERT INTO VENTAS_V (caja,fecventa,forma_pago)
	VALUES (2, TO_DATE('19-11-2011 15:25:03', 'DD-MM-YY HH24:mi:ss'),0); 

INSERT INTO VENTAS_V (caja,fecventa,forma_pago)
	VALUES (3, TO_DATE('19-11-2011 17:25:03', 'DD-MM-YY HH24:mi:ss'),0); 

INSERT INTO VENTAS_V (caja,fecventa,forma_pago,numtarjeta)
	VALUES (3, TO_DATE('19-11-2011 18:25:03', 'DD-MM-YY HH24:mi:ss'),1,9873268173937463); 

INSERT INTO VENTAS_V (caja,fecventa,forma_pago,numtarjeta)
	VALUES (4, TO_DATE('19-11-2011 16:25:03', 'DD-MM-YY HH24:mi:ss'),1,9873261273937409); 

INSERT INTO VENTAS_V (caja,fecventa,forma_pago,numtarjeta)
	VALUES (4, TO_DATE('19-11-2011 12:25:03', 'DD-MM-YY HH24:mi:ss'),1,9873261273937472);	
	
		
	-- ventas 18-11-2011
INSERT INTO VENTAS_V (caja,fecventa,forma_pago,numtarjeta)
	VALUES (4, TO_DATE('18-11-2011 13:25:03', 'DD-MM-YY HH24:mi:ss'),1,9873261273937463); 

INSERT INTO VENTAS_V (caja,fecventa,forma_pago)
	VALUES (3, TO_DATE('18-11-2011 10:23:03', 'DD-MM-YY HH24:mi:ss'),0); 

INSERT INTO VENTAS_V (caja,fecventa,forma_pago)
	VALUES (3, TO_DATE('18-11-2011 11:25:03', 'DD-MM-YY HH24:mi:ss'),0); 

INSERT INTO VENTAS_V (caja,fecventa,forma_pago)
	VALUES (2, TO_DATE('18-11-2011 10:25:03', 'DD-MM-YY HH24:mi:ss'),0); 

INSERT INTO VENTAS_V (caja,fecventa,forma_pago)
	VALUES (1, TO_DATE('18-11-2011 09:25:03', 'DD-MM-YY HH24:mi:ss'),0); 

INSERT INTO VENTAS_V (caja,fecventa,forma_pago)
	VALUES (2, TO_DATE('18-11-2011 14:25:03', 'DD-MM-YY HH24:mi:ss'),0); 

INSERT INTO VENTAS_V (caja,fecventa,forma_pago)
	VALUES (3, TO_DATE('18-11-2011 12:25:03', 'DD-MM-YY HH24:mi:ss'),0); 

INSERT INTO VENTAS_V (caja,fecventa,forma_pago,numtarjeta)
	VALUES (3, TO_DATE('18-11-2011 11:25:03', 'DD-MM-YY HH24:mi:ss'),1,9873268173937463); 

INSERT INTO VENTAS_V (caja,fecventa,forma_pago,numtarjeta)
	VALUES (4, TO_DATE('18-11-2011 10:25:03', 'DD-MM-YY HH24:mi:ss'),1,9873261273937409); 

INSERT INTO VENTAS_V (caja,fecventa,forma_pago,numtarjeta)
	VALUES (4, TO_DATE('18-11-2011 13:25:03', 'DD-MM-YY HH24:mi:ss'),1,9873261273937472); 

INSERT INTO VENTAS_V (caja,fecventa,forma_pago,numtarjeta)
	VALUES (4, TO_DATE('18-11-2011 16:25:03', 'DD-MM-YY HH24:mi:ss'),1,9873261273937463); 

INSERT INTO VENTAS_V (caja,fecventa,forma_pago)
	VALUES (3, TO_DATE('18-11-2011 15:23:03', 'DD-MM-YY HH24:mi:ss'),0); 

INSERT INTO VENTAS_V (caja,fecventa,forma_pago)
	VALUES (3, TO_DATE('18-11-2011 18:25:03', 'DD-MM-YY HH24:mi:ss'),0); 

INSERT INTO VENTAS_V (caja,fecventa,forma_pago)
	VALUES (2, TO_DATE('18-11-2011 19:25:03', 'DD-MM-YY HH24:mi:ss'),0); 

INSERT INTO VENTAS_V (caja,fecventa,forma_pago)
	VALUES (1, TO_DATE('18-11-2011 20:25:03', 'DD-MM-YY HH24:mi:ss'),0); 

INSERT INTO VENTAS_V (caja,fecventa,forma_pago)
	VALUES (2, TO_DATE('18-11-2011 15:25:03', 'DD-MM-YY HH24:mi:ss'),0); 

INSERT INTO VENTAS_V (caja,fecventa,forma_pago)
	VALUES (3, TO_DATE('18-11-2011 17:25:03', 'DD-MM-YY HH24:mi:ss'),0); 

INSERT INTO VENTAS_V (caja,fecventa,forma_pago,numtarjeta)
	VALUES (3, TO_DATE('18-11-2011 18:25:03', 'DD-MM-YY HH24:mi:ss'),1,9873268173937463); 

INSERT INTO VENTAS_V (caja,fecventa,forma_pago,numtarjeta)
	VALUES (4, TO_DATE('18-11-2011 16:25:03', 'DD-MM-YY HH24:mi:ss'),1,9873261273937409); 

INSERT INTO VENTAS_V (caja,fecventa,forma_pago,numtarjeta)
	VALUES (4, TO_DATE('18-11-2011 12:25:03', 'DD-MM-YY HH24:mi:ss'),1,9873261273937472);		
	
		
	-- ventas 17-11-2011
INSERT INTO VENTAS_V (caja,fecventa,forma_pago,numtarjeta)
	VALUES (4, TO_DATE('17-11-2011 13:25:03', 'DD-MM-YY HH24:mi:ss'),1,9873261273937463); 

INSERT INTO VENTAS_V (caja,fecventa,forma_pago)
	VALUES (3, TO_DATE('17-11-2011 10:23:03', 'DD-MM-YY HH24:mi:ss'),0); 

INSERT INTO VENTAS_V (caja,fecventa,forma_pago)
	VALUES (3, TO_DATE('17-11-2011 11:25:03', 'DD-MM-YY HH24:mi:ss'),0); 

INSERT INTO VENTAS_V (caja,fecventa,forma_pago)
	VALUES (2, TO_DATE('17-11-2011 10:25:03', 'DD-MM-YY HH24:mi:ss'),0); 

INSERT INTO VENTAS_V (caja,fecventa,forma_pago)
	VALUES (1, TO_DATE('17-11-2011 09:25:03', 'DD-MM-YY HH24:mi:ss'),0); 

INSERT INTO VENTAS_V (caja,fecventa,forma_pago)
	VALUES (2, TO_DATE('17-11-2011 14:25:03', 'DD-MM-YY HH24:mi:ss'),0); 

INSERT INTO VENTAS_V (caja,fecventa,forma_pago)
	VALUES (3, TO_DATE('17-11-2011 12:25:03', 'DD-MM-YY HH24:mi:ss'),0); 

INSERT INTO VENTAS_V (caja,fecventa,forma_pago,numtarjeta)
	VALUES (3, TO_DATE('17-11-2011 11:25:03', 'DD-MM-YY HH24:mi:ss'),1,9873268173937463); 

INSERT INTO VENTAS_V (caja,fecventa,forma_pago,numtarjeta)
	VALUES (4, TO_DATE('17-11-2011 10:25:03', 'DD-MM-YY HH24:mi:ss'),1,9873261273937409); 

INSERT INTO VENTAS_V (caja,fecventa,forma_pago,numtarjeta)
	VALUES (4, TO_DATE('17-11-2011 13:25:03', 'DD-MM-YY HH24:mi:ss'),1,9873261273937472); 

INSERT INTO VENTAS_V (caja,fecventa,forma_pago,numtarjeta)
	VALUES (4, TO_DATE('17-11-2011 16:25:03', 'DD-MM-YY HH24:mi:ss'),1,9873261273937463); 

INSERT INTO VENTAS_V (caja,fecventa,forma_pago)
	VALUES (3, TO_DATE('17-11-2011 15:23:03', 'DD-MM-YY HH24:mi:ss'),0); 

INSERT INTO VENTAS_V (caja,fecventa,forma_pago)
	VALUES (3, TO_DATE('17-11-2011 18:25:03', 'DD-MM-YY HH24:mi:ss'),0); 

INSERT INTO VENTAS_V (caja,fecventa,forma_pago)
	VALUES (2, TO_DATE('17-11-2011 19:25:03', 'DD-MM-YY HH24:mi:ss'),0); 

INSERT INTO VENTAS_V (caja,fecventa,forma_pago)
	VALUES (1, TO_DATE('17-11-2011 20:25:03', 'DD-MM-YY HH24:mi:ss'),0); 

INSERT INTO VENTAS_V (caja,fecventa,forma_pago)
	VALUES (2, TO_DATE('17-11-2011 15:25:03', 'DD-MM-YY HH24:mi:ss'),0); 

INSERT INTO VENTAS_V (caja,fecventa,forma_pago)
	VALUES (3, TO_DATE('17-11-2011 17:25:03', 'DD-MM-YY HH24:mi:ss'),0); 

INSERT INTO VENTAS_V (caja,fecventa,forma_pago,numtarjeta)
	VALUES (3, TO_DATE('17-11-2011 18:25:03', 'DD-MM-YY HH24:mi:ss'),1,9873268173937463); 

INSERT INTO VENTAS_V (caja,fecventa,forma_pago,numtarjeta)
	VALUES (4, TO_DATE('17-11-2011 16:25:03', 'DD-MM-YY HH24:mi:ss'),1,9873261273937409); 

INSERT INTO VENTAS_V (caja,fecventa,forma_pago,numtarjeta)
	VALUES (4, TO_DATE('17-11-2011 12:25:03', 'DD-MM-YY HH24:mi:ss'),1,9873261273937472);		
	
	
	-- ventas 16-11-2011
INSERT INTO VENTAS_V (caja,fecventa,forma_pago,numtarjeta)
	VALUES (4, TO_DATE('16-11-2011 13:25:03', 'DD-MM-YY HH24:mi:ss'),1,9873261273937463); 

INSERT INTO VENTAS_V (caja,fecventa,forma_pago)
	VALUES (3, TO_DATE('16-11-2011 10:23:03', 'DD-MM-YY HH24:mi:ss'),0); 

INSERT INTO VENTAS_V (caja,fecventa,forma_pago)
	VALUES (3, TO_DATE('16-11-2011 11:25:03', 'DD-MM-YY HH24:mi:ss'),0); 

INSERT INTO VENTAS_V (caja,fecventa,forma_pago)
	VALUES (2, TO_DATE('16-11-2011 10:25:03', 'DD-MM-YY HH24:mi:ss'),0); 

INSERT INTO VENTAS_V (caja,fecventa,forma_pago)
	VALUES (1, TO_DATE('16-11-2011 09:25:03', 'DD-MM-YY HH24:mi:ss'),0); 

INSERT INTO VENTAS_V (caja,fecventa,forma_pago)
	VALUES (2, TO_DATE('16-11-2011 14:25:03', 'DD-MM-YY HH24:mi:ss'),0); 

INSERT INTO VENTAS_V (caja,fecventa,forma_pago)
	VALUES (3, TO_DATE('16-11-2011 12:25:03', 'DD-MM-YY HH24:mi:ss'),0); 

INSERT INTO VENTAS_V (caja,fecventa,forma_pago,numtarjeta)
	VALUES (3, TO_DATE('16-11-2011 11:25:03', 'DD-MM-YY HH24:mi:ss'),1,9873268173937463); 

INSERT INTO VENTAS_V (caja,fecventa,forma_pago,numtarjeta)
	VALUES (4, TO_DATE('16-11-2011 10:25:03', 'DD-MM-YY HH24:mi:ss'),1,9873261273937409); 

INSERT INTO VENTAS_V (caja,fecventa,forma_pago,numtarjeta)
	VALUES (4, TO_DATE('16-11-2011 13:25:03', 'DD-MM-YY HH24:mi:ss'),1,9873261273937472); 

INSERT INTO VENTAS_V (caja,fecventa,forma_pago,numtarjeta)
	VALUES (4, TO_DATE('16-11-2011 16:25:03', 'DD-MM-YY HH24:mi:ss'),1,9873261273937463); 

INSERT INTO VENTAS_V (caja,fecventa,forma_pago)
	VALUES (3, TO_DATE('16-11-2011 15:23:03', 'DD-MM-YY HH24:mi:ss'),0); 

INSERT INTO VENTAS_V (caja,fecventa,forma_pago)
	VALUES (3, TO_DATE('16-11-2011 18:25:03', 'DD-MM-YY HH24:mi:ss'),0); 

INSERT INTO VENTAS_V (caja,fecventa,forma_pago)
	VALUES (2, TO_DATE('16-11-2011 19:25:03', 'DD-MM-YY HH24:mi:ss'),0); 

INSERT INTO VENTAS_V (caja,fecventa,forma_pago)
	VALUES (1, TO_DATE('16-11-2011 20:25:03', 'DD-MM-YY HH24:mi:ss'),0); 

INSERT INTO VENTAS_V (caja,fecventa,forma_pago)
	VALUES (2, TO_DATE('16-11-2011 15:25:03', 'DD-MM-YY HH24:mi:ss'),0); 

INSERT INTO VENTAS_V (caja,fecventa,forma_pago)
	VALUES (3, TO_DATE('16-11-2011 17:25:03', 'DD-MM-YY HH24:mi:ss'),0); 

INSERT INTO VENTAS_V (caja,fecventa,forma_pago,numtarjeta)
	VALUES (3, TO_DATE('16-11-2011 18:25:03', 'DD-MM-YY HH24:mi:ss'),1,9873268173937463); 

INSERT INTO VENTAS_V (caja,fecventa,forma_pago,numtarjeta)
	VALUES (4, TO_DATE('16-11-2011 16:25:03', 'DD-MM-YY HH24:mi:ss'),1,9873261273937409); 

INSERT INTO VENTAS_V (caja,fecventa,forma_pago,numtarjeta)
	VALUES (4, TO_DATE('16-11-2011 12:25:03', 'DD-MM-YY HH24:mi:ss'),1,9873261273937472);		
	
	
	-- ventas 28-11-2011
INSERT INTO VENTAS_V (caja,fecventa,forma_pago,numtarjeta)
	VALUES (4, TO_DATE('28-11-2011 13:25:03', 'DD-MM-YY HH24:mi:ss'),1,9873261273937463); 

INSERT INTO VENTAS_V (caja,fecventa,forma_pago)
	VALUES (3, TO_DATE('28-11-2011 10:23:03', 'DD-MM-YY HH24:mi:ss'),0); 

INSERT INTO VENTAS_V (caja,fecventa,forma_pago)
	VALUES (3, TO_DATE('15-11-2011 11:25:03', 'DD-MM-YY HH24:mi:ss'),0); 

INSERT INTO VENTAS_V (caja,fecventa,forma_pago)
	VALUES (2, TO_DATE('15-11-2011 10:25:03', 'DD-MM-YY HH24:mi:ss'),0); 

INSERT INTO VENTAS_V (caja,fecventa,forma_pago)
	VALUES (1, TO_DATE('15-11-2011 09:25:03', 'DD-MM-YY HH24:mi:ss'),0); 

INSERT INTO VENTAS_V (caja,fecventa,forma_pago)
	VALUES (2, TO_DATE('15-11-2011 14:25:03', 'DD-MM-YY HH24:mi:ss'),0); 

INSERT INTO VENTAS_V (caja,fecventa,forma_pago)
	VALUES (3, TO_DATE('15-11-2011 12:25:03', 'DD-MM-YY HH24:mi:ss'),0); 

INSERT INTO VENTAS_V (caja,fecventa,forma_pago,numtarjeta)
	VALUES (3, TO_DATE('15-11-2011 11:25:03', 'DD-MM-YY HH24:mi:ss'),1,9873268173937463); 

INSERT INTO VENTAS_V (caja,fecventa,forma_pago,numtarjeta)
	VALUES (4, TO_DATE('15-11-2011 10:25:03', 'DD-MM-YY HH24:mi:ss'),1,9873261273937409); 

INSERT INTO VENTAS_V (caja,fecventa,forma_pago,numtarjeta)
	VALUES (4, TO_DATE('15-11-2011 13:25:03', 'DD-MM-YY HH24:mi:ss'),1,9873261273937472); 

INSERT INTO VENTAS_V (caja,fecventa,forma_pago,numtarjeta)
	VALUES (4, TO_DATE('15-11-2011 16:25:03', 'DD-MM-YY HH24:mi:ss'),1,9873261273937463); 

INSERT INTO VENTAS_V (caja,fecventa,forma_pago)
	VALUES (3, TO_DATE('15-11-2011 15:23:03', 'DD-MM-YY HH24:mi:ss'),0); 

INSERT INTO VENTAS_V (caja,fecventa,forma_pago)
	VALUES (3, TO_DATE('15-11-2011 18:25:03', 'DD-MM-YY HH24:mi:ss'),0); 

INSERT INTO VENTAS_V (caja,fecventa,forma_pago)
	VALUES (2, TO_DATE('15-11-2011 19:25:03', 'DD-MM-YY HH24:mi:ss'),0); 

INSERT INTO VENTAS_V (caja,fecventa,forma_pago)
	VALUES (1, TO_DATE('15-11-2011 20:25:03', 'DD-MM-YY HH24:mi:ss'),0); 

INSERT INTO VENTAS_V (caja,fecventa,forma_pago)
	VALUES (2, TO_DATE('15-11-2011 15:25:03', 'DD-MM-YY HH24:mi:ss'),0); 

INSERT INTO VENTAS_V (caja,fecventa,forma_pago)
	VALUES (3, TO_DATE('15-11-2011 17:25:03', 'DD-MM-YY HH24:mi:ss'),0); 

INSERT INTO VENTAS_V (caja,fecventa,forma_pago,numtarjeta)
	VALUES (3, TO_DATE('15-11-2011 18:25:03', 'DD-MM-YY HH24:mi:ss'),1,9873268173937463); 

INSERT INTO VENTAS_V (caja,fecventa,forma_pago,numtarjeta)
	VALUES (4, TO_DATE('15-11-2011 16:25:03', 'DD-MM-YY HH24:mi:ss'),1,9873261273937409); 

INSERT INTO VENTAS_V (caja,fecventa,forma_pago,numtarjeta)
	VALUES (4, TO_DATE('15-11-2011 12:25:03', 'DD-MM-YY HH24:mi:ss'),1,9873261273937472);		
	
	
	
	-- ventas 14-11-2011
INSERT INTO VENTAS_V (caja,fecventa,forma_pago,numtarjeta)
	VALUES (4, TO_DATE('14-11-2011 13:25:03', 'DD-MM-YY HH24:mi:ss'),1,9873261273937463); 

INSERT INTO VENTAS_V (caja,fecventa,forma_pago)
	VALUES (3, TO_DATE('14-11-2011 10:23:03', 'DD-MM-YY HH24:mi:ss'),0); 

INSERT INTO VENTAS_V (caja,fecventa,forma_pago)
	VALUES (3, TO_DATE('14-11-2011 11:25:03', 'DD-MM-YY HH24:mi:ss'),0); 

INSERT INTO VENTAS_V (caja,fecventa,forma_pago)
	VALUES (2, TO_DATE('14-11-2011 10:25:03', 'DD-MM-YY HH24:mi:ss'),0); 

INSERT INTO VENTAS_V (caja,fecventa,forma_pago)
	VALUES (1, TO_DATE('14-11-2011 09:25:03', 'DD-MM-YY HH24:mi:ss'),0); 

INSERT INTO VENTAS_V (caja,fecventa,forma_pago)
	VALUES (2, TO_DATE('14-11-2011 14:25:03', 'DD-MM-YY HH24:mi:ss'),0); 

INSERT INTO VENTAS_V (caja,fecventa,forma_pago)
	VALUES (3, TO_DATE('14-11-2011 12:25:03', 'DD-MM-YY HH24:mi:ss'),0); 

INSERT INTO VENTAS_V (caja,fecventa,forma_pago,numtarjeta)
	VALUES (3, TO_DATE('14-11-2011 11:25:03', 'DD-MM-YY HH24:mi:ss'),1,9873268173937463); 

INSERT INTO VENTAS_V (caja,fecventa,forma_pago,numtarjeta)
	VALUES (4, TO_DATE('14-11-2011 10:25:03', 'DD-MM-YY HH24:mi:ss'),1,9873261273937409); 

INSERT INTO VENTAS_V (caja,fecventa,forma_pago,numtarjeta)
	VALUES (4, TO_DATE('14-11-2011 13:25:03', 'DD-MM-YY HH24:mi:ss'),1,9873261273937472); 

INSERT INTO VENTAS_V (caja,fecventa,forma_pago,numtarjeta)
	VALUES (4, TO_DATE('14-11-2011 16:25:03', 'DD-MM-YY HH24:mi:ss'),1,9873261273937463); 

INSERT INTO VENTAS_V (caja,fecventa,forma_pago)
	VALUES (3, TO_DATE('14-11-2011 15:23:03', 'DD-MM-YY HH24:mi:ss'),0); 

INSERT INTO VENTAS_V (caja,fecventa,forma_pago)
	VALUES (3, TO_DATE('14-11-2011 18:25:03', 'DD-MM-YY HH24:mi:ss'),0); 

INSERT INTO VENTAS_V (caja,fecventa,forma_pago)
	VALUES (2, TO_DATE('14-11-2011 19:25:03', 'DD-MM-YY HH24:mi:ss'),0); 

INSERT INTO VENTAS_V (caja,fecventa,forma_pago)
	VALUES (1, TO_DATE('14-11-2011 20:25:03', 'DD-MM-YY HH24:mi:ss'),0); 

INSERT INTO VENTAS_V (caja,fecventa,forma_pago)
	VALUES (2, TO_DATE('14-11-2011 15:25:03', 'DD-MM-YY HH24:mi:ss'),0); 

INSERT INTO VENTAS_V (caja,fecventa,forma_pago)
	VALUES (3, TO_DATE('14-11-2011 17:25:03', 'DD-MM-YY HH24:mi:ss'),0); 

INSERT INTO VENTAS_V (caja,fecventa,forma_pago,numtarjeta)
	VALUES (3, TO_DATE('14-11-2011 18:25:03', 'DD-MM-YY HH24:mi:ss'),1,9873268173937463); 

INSERT INTO VENTAS_V (caja,fecventa,forma_pago,numtarjeta)
	VALUES (4, TO_DATE('14-11-2011 16:25:03', 'DD-MM-YY HH24:mi:ss'),1,9873261273937409); 

INSERT INTO VENTAS_V (caja,fecventa,forma_pago,numtarjeta)
	VALUES (4, TO_DATE('14-11-2011 12:25:03', 'DD-MM-YY HH24:mi:ss'),1,9873261273937472);		
	
	
	-- ventas 13-11-2011
INSERT INTO VENTAS_V (caja,fecventa,forma_pago,numtarjeta)
	VALUES (4, TO_DATE('13-11-2011 13:25:03', 'DD-MM-YY HH24:mi:ss'),1,9873261273937463); 

INSERT INTO VENTAS_V (caja,fecventa,forma_pago)
	VALUES (3, TO_DATE('13-11-2011 10:23:03', 'DD-MM-YY HH24:mi:ss'),0); 

INSERT INTO VENTAS_V (caja,fecventa,forma_pago)
	VALUES (3, TO_DATE('13-11-2011 11:25:03', 'DD-MM-YY HH24:mi:ss'),0); 

INSERT INTO VENTAS_V (caja,fecventa,forma_pago)
	VALUES (2, TO_DATE('13-11-2011 10:25:03', 'DD-MM-YY HH24:mi:ss'),0); 

INSERT INTO VENTAS_V (caja,fecventa,forma_pago)
	VALUES (1, TO_DATE('13-11-2011 09:25:03', 'DD-MM-YY HH24:mi:ss'),0); 

INSERT INTO VENTAS_V (caja,fecventa,forma_pago)
	VALUES (2, TO_DATE('13-11-2011 14:25:03', 'DD-MM-YY HH24:mi:ss'),0); 

INSERT INTO VENTAS_V (caja,fecventa,forma_pago)
	VALUES (3, TO_DATE('13-11-2011 12:25:03', 'DD-MM-YY HH24:mi:ss'),0); 

INSERT INTO VENTAS_V (caja,fecventa,forma_pago,numtarjeta)
	VALUES (3, TO_DATE('13-11-2011 11:25:03', 'DD-MM-YY HH24:mi:ss'),1,9873268173937463); 

INSERT INTO VENTAS_V (caja,fecventa,forma_pago,numtarjeta)
	VALUES (4, TO_DATE('13-11-2011 10:25:03', 'DD-MM-YY HH24:mi:ss'),1,9873261273937409); 

INSERT INTO VENTAS_V (caja,fecventa,forma_pago,numtarjeta)
	VALUES (4, TO_DATE('13-11-2011 13:25:03', 'DD-MM-YY HH24:mi:ss'),1,9873261273937472); 

INSERT INTO VENTAS_V (caja,fecventa,forma_pago,numtarjeta)
	VALUES (4, TO_DATE('13-11-2011 16:25:03', 'DD-MM-YY HH24:mi:ss'),1,9873261273937463); 

INSERT INTO VENTAS_V (caja,fecventa,forma_pago)
	VALUES (3, TO_DATE('13-11-2011 15:23:03', 'DD-MM-YY HH24:mi:ss'),0); 

INSERT INTO VENTAS_V (caja,fecventa,forma_pago)
	VALUES (3, TO_DATE('13-11-2011 18:25:03', 'DD-MM-YY HH24:mi:ss'),0); 

INSERT INTO VENTAS_V (caja,fecventa,forma_pago)
	VALUES (2, TO_DATE('13-11-2011 19:25:03', 'DD-MM-YY HH24:mi:ss'),0); 

INSERT INTO VENTAS_V (caja,fecventa,forma_pago)
	VALUES (1, TO_DATE('13-11-2011 20:25:03', 'DD-MM-YY HH24:mi:ss'),0); 

INSERT INTO VENTAS_V (caja,fecventa,forma_pago)
	VALUES (2, TO_DATE('13-11-2011 15:25:03', 'DD-MM-YY HH24:mi:ss'),0); 

INSERT INTO VENTAS_V (caja,fecventa,forma_pago)
	VALUES (3, TO_DATE('13-11-2011 17:25:03', 'DD-MM-YY HH24:mi:ss'),0); 

INSERT INTO VENTAS_V (caja,fecventa,forma_pago,numtarjeta)
	VALUES (3, TO_DATE('13-11-2011 18:25:03', 'DD-MM-YY HH24:mi:ss'),1,9873268173937463); 

INSERT INTO VENTAS_V (caja,fecventa,forma_pago,numtarjeta)
	VALUES (4, TO_DATE('13-11-2011 16:25:03', 'DD-MM-YY HH24:mi:ss'),1,9873261273937409); 

INSERT INTO VENTAS_V (caja,fecventa,forma_pago,numtarjeta)
	VALUES (4, TO_DATE('13-11-2011 12:25:03', 'DD-MM-YY HH24:mi:ss'),1,9873261273937472);	

		
	-- ventas 12-11-2011
INSERT INTO VENTAS_V (caja,fecventa,forma_pago,numtarjeta)
	VALUES (4, TO_DATE('12-11-2011 13:25:03', 'DD-MM-YY HH24:mi:ss'),1,9873261273937463); 

INSERT INTO VENTAS_V (caja,fecventa,forma_pago)
	VALUES (3, TO_DATE('12-11-2011 10:23:03', 'DD-MM-YY HH24:mi:ss'),0); 

INSERT INTO VENTAS_V (caja,fecventa,forma_pago)
	VALUES (3, TO_DATE('12-11-2011 11:25:03', 'DD-MM-YY HH24:mi:ss'),0); 

INSERT INTO VENTAS_V (caja,fecventa,forma_pago)
	VALUES (2, TO_DATE('12-11-2011 10:25:03', 'DD-MM-YY HH24:mi:ss'),0); 

INSERT INTO VENTAS_V (caja,fecventa,forma_pago)
	VALUES (1, TO_DATE('12-11-2011 09:25:03', 'DD-MM-YY HH24:mi:ss'),0); 

INSERT INTO VENTAS_V (caja,fecventa,forma_pago)
	VALUES (2, TO_DATE('12-11-2011 14:25:03', 'DD-MM-YY HH24:mi:ss'),0); 

INSERT INTO VENTAS_V (caja,fecventa,forma_pago)
	VALUES (3, TO_DATE('12-11-2011 12:25:03', 'DD-MM-YY HH24:mi:ss'),0); 

INSERT INTO VENTAS_V (caja,fecventa,forma_pago,numtarjeta)
	VALUES (3, TO_DATE('12-11-2011 11:25:03', 'DD-MM-YY HH24:mi:ss'),1,9873268173937463); 

INSERT INTO VENTAS_V (caja,fecventa,forma_pago,numtarjeta)
	VALUES (4, TO_DATE('12-11-2011 10:25:03', 'DD-MM-YY HH24:mi:ss'),1,9873261273937409); 

INSERT INTO VENTAS_V (caja,fecventa,forma_pago,numtarjeta)
	VALUES (4, TO_DATE('12-11-2011 13:25:03', 'DD-MM-YY HH24:mi:ss'),1,9873261273937472); 

INSERT INTO VENTAS_V (caja,fecventa,forma_pago,numtarjeta)
	VALUES (4, TO_DATE('12-11-2011 16:25:03', 'DD-MM-YY HH24:mi:ss'),1,9873261273937463); 

INSERT INTO VENTAS_V (caja,fecventa,forma_pago)
	VALUES (3, TO_DATE('12-11-2011 15:23:03', 'DD-MM-YY HH24:mi:ss'),0); 

INSERT INTO VENTAS_V (caja,fecventa,forma_pago)
	VALUES (3, TO_DATE('12-11-2011 18:25:03', 'DD-MM-YY HH24:mi:ss'),0); 

INSERT INTO VENTAS_V (caja,fecventa,forma_pago)
	VALUES (2, TO_DATE('12-11-2011 19:25:03', 'DD-MM-YY HH24:mi:ss'),0); 

INSERT INTO VENTAS_V (caja,fecventa,forma_pago)
	VALUES (1, TO_DATE('12-11-2011 20:25:03', 'DD-MM-YY HH24:mi:ss'),0); 

INSERT INTO VENTAS_V (caja,fecventa,forma_pago)
	VALUES (2, TO_DATE('12-11-2011 15:25:03', 'DD-MM-YY HH24:mi:ss'),0); 

INSERT INTO VENTAS_V (caja,fecventa,forma_pago)
	VALUES (3, TO_DATE('12-11-2011 17:25:03', 'DD-MM-YY HH24:mi:ss'),0); 

INSERT INTO VENTAS_V (caja,fecventa,forma_pago,numtarjeta)
	VALUES (3, TO_DATE('12-11-2011 18:25:03', 'DD-MM-YY HH24:mi:ss'),1,9873268173937463); 

INSERT INTO VENTAS_V (caja,fecventa,forma_pago,numtarjeta)
	VALUES (4, TO_DATE('12-11-2011 16:25:03', 'DD-MM-YY HH24:mi:ss'),1,9873261273937409); 

INSERT INTO VENTAS_V (caja,fecventa,forma_pago,numtarjeta)
	VALUES (4, TO_DATE('12-11-2011 12:25:03', 'DD-MM-YY HH24:mi:ss'),1,9873261273937472);		
	
	
	
	-- ventas 11-11-2011
INSERT INTO VENTAS_V (caja,fecventa,forma_pago,numtarjeta)
	VALUES (4, TO_DATE('11-11-2011 13:25:03', 'DD-MM-YY HH24:mi:ss'),1,9873261273937463); 

INSERT INTO VENTAS_V (caja,fecventa,forma_pago)
	VALUES (3, TO_DATE('11-11-2011 10:23:03', 'DD-MM-YY HH24:mi:ss'),0); 

INSERT INTO VENTAS_V (caja,fecventa,forma_pago)
	VALUES (3, TO_DATE('11-11-2011 11:25:03', 'DD-MM-YY HH24:mi:ss'),0); 

INSERT INTO VENTAS_V (caja,fecventa,forma_pago)
	VALUES (2, TO_DATE('11-11-2011 10:25:03', 'DD-MM-YY HH24:mi:ss'),0); 

INSERT INTO VENTAS_V (caja,fecventa,forma_pago)
	VALUES (1, TO_DATE('11-11-2011 09:25:03', 'DD-MM-YY HH24:mi:ss'),0); 

INSERT INTO VENTAS_V (caja,fecventa,forma_pago)
	VALUES (2, TO_DATE('11-11-2011 14:25:03', 'DD-MM-YY HH24:mi:ss'),0); 

INSERT INTO VENTAS_V (caja,fecventa,forma_pago)
	VALUES (3, TO_DATE('11-11-2011 12:25:03', 'DD-MM-YY HH24:mi:ss'),0); 

INSERT INTO VENTAS_V (caja,fecventa,forma_pago,numtarjeta)
	VALUES (3, TO_DATE('11-11-2011 11:25:03', 'DD-MM-YY HH24:mi:ss'),1,9873268173937463); 

INSERT INTO VENTAS_V (caja,fecventa,forma_pago,numtarjeta)
	VALUES (4, TO_DATE('11-11-2011 10:25:03', 'DD-MM-YY HH24:mi:ss'),1,9873261273937409); 

INSERT INTO VENTAS_V (caja,fecventa,forma_pago,numtarjeta)
	VALUES (4, TO_DATE('11-11-2011 13:25:03', 'DD-MM-YY HH24:mi:ss'),1,9873261273937472); 

INSERT INTO VENTAS_V (caja,fecventa,forma_pago,numtarjeta)
	VALUES (4, TO_DATE('11-11-2011 16:25:03', 'DD-MM-YY HH24:mi:ss'),1,9873261273937463); 

INSERT INTO VENTAS_V (caja,fecventa,forma_pago)
	VALUES (3, TO_DATE('11-11-2011 15:23:03', 'DD-MM-YY HH24:mi:ss'),0); 

INSERT INTO VENTAS_V (caja,fecventa,forma_pago)
	VALUES (3, TO_DATE('11-11-2011 18:25:03', 'DD-MM-YY HH24:mi:ss'),0); 

INSERT INTO VENTAS_V (caja,fecventa,forma_pago)
	VALUES (2, TO_DATE('11-11-2011 19:25:03', 'DD-MM-YY HH24:mi:ss'),0); 

INSERT INTO VENTAS_V (caja,fecventa,forma_pago)
	VALUES (1, TO_DATE('11-11-2011 20:25:03', 'DD-MM-YY HH24:mi:ss'),0); 

INSERT INTO VENTAS_V (caja,fecventa,forma_pago)
	VALUES (2, TO_DATE('11-11-2011 15:25:03', 'DD-MM-YY HH24:mi:ss'),0); 

INSERT INTO VENTAS_V (caja,fecventa,forma_pago)
	VALUES (3, TO_DATE('11-11-2011 17:25:03', 'DD-MM-YY HH24:mi:ss'),0); 

INSERT INTO VENTAS_V (caja,fecventa,forma_pago,numtarjeta)
	VALUES (3, TO_DATE('11-11-2011 18:25:03', 'DD-MM-YY HH24:mi:ss'),1,9873268173937463); 

INSERT INTO VENTAS_V (caja,fecventa,forma_pago,numtarjeta)
	VALUES (4, TO_DATE('11-11-2011 16:25:03', 'DD-MM-YY HH24:mi:ss'),1,9873261273937409); 

INSERT INTO VENTAS_V (caja,fecventa,forma_pago,numtarjeta)
	VALUES (4, TO_DATE('11-11-2011 12:25:03', 'DD-MM-YY HH24:mi:ss'),1,9873261273937472);		
	
	
	
	-- ventas 10-11-2011
INSERT INTO VENTAS_V (caja,fecventa,forma_pago,numtarjeta)
	VALUES (4, TO_DATE('10-11-2011 13:25:03', 'DD-MM-YY HH24:mi:ss'),1,9873261273937463); 

INSERT INTO VENTAS_V (caja,fecventa,forma_pago)
	VALUES (3, TO_DATE('10-11-2011 10:23:03', 'DD-MM-YY HH24:mi:ss'),0); 

INSERT INTO VENTAS_V (caja,fecventa,forma_pago)
	VALUES (3, TO_DATE('10-11-2011 11:25:03', 'DD-MM-YY HH24:mi:ss'),0); 

INSERT INTO VENTAS_V (caja,fecventa,forma_pago)
	VALUES (2, TO_DATE('10-11-2011 10:25:03', 'DD-MM-YY HH24:mi:ss'),0); 

INSERT INTO VENTAS_V (caja,fecventa,forma_pago)
	VALUES (1, TO_DATE('10-11-2011 09:25:03', 'DD-MM-YY HH24:mi:ss'),0); 

INSERT INTO VENTAS_V (caja,fecventa,forma_pago)
	VALUES (2, TO_DATE('10-11-2011 14:25:03', 'DD-MM-YY HH24:mi:ss'),0); 

INSERT INTO VENTAS_V (caja,fecventa,forma_pago)
	VALUES (3, TO_DATE('10-11-2011 12:25:03', 'DD-MM-YY HH24:mi:ss'),0); 

INSERT INTO VENTAS_V (caja,fecventa,forma_pago,numtarjeta)
	VALUES (3, TO_DATE('10-11-2011 11:25:03', 'DD-MM-YY HH24:mi:ss'),1,9873268173937463); 

INSERT INTO VENTAS_V (caja,fecventa,forma_pago,numtarjeta)
	VALUES (4, TO_DATE('10-11-2011 10:25:03', 'DD-MM-YY HH24:mi:ss'),1,9873261273937409); 

INSERT INTO VENTAS_V (caja,fecventa,forma_pago,numtarjeta)
	VALUES (4, TO_DATE('10-11-2011 13:25:03', 'DD-MM-YY HH24:mi:ss'),1,9873261273937472); 

INSERT INTO VENTAS_V (caja,fecventa,forma_pago,numtarjeta)
	VALUES (4, TO_DATE('10-11-2011 16:25:03', 'DD-MM-YY HH24:mi:ss'),1,9873261273937463); 

INSERT INTO VENTAS_V (caja,fecventa,forma_pago)
	VALUES (3, TO_DATE('10-11-2011 15:23:03', 'DD-MM-YY HH24:mi:ss'),0); 

INSERT INTO VENTAS_V (caja,fecventa,forma_pago)
	VALUES (3, TO_DATE('10-11-2011 18:25:03', 'DD-MM-YY HH24:mi:ss'),0); 

INSERT INTO VENTAS_V (caja,fecventa,forma_pago)
	VALUES (2, TO_DATE('10-11-2011 19:25:03', 'DD-MM-YY HH24:mi:ss'),0); 

INSERT INTO VENTAS_V (caja,fecventa,forma_pago)
	VALUES (1, TO_DATE('10-11-2011 20:25:03', 'DD-MM-YY HH24:mi:ss'),0); 

INSERT INTO VENTAS_V (caja,fecventa,forma_pago)
	VALUES (2, TO_DATE('10-11-2011 15:25:03', 'DD-MM-YY HH24:mi:ss'),0); 

INSERT INTO VENTAS_V (caja,fecventa,forma_pago)
	VALUES (3, TO_DATE('10-11-2011 17:25:03', 'DD-MM-YY HH24:mi:ss'),0); 

INSERT INTO VENTAS_V (caja,fecventa,forma_pago,numtarjeta)
	VALUES (3, TO_DATE('10-11-2011 18:25:03', 'DD-MM-YY HH24:mi:ss'),1,9873268173937463); 

INSERT INTO VENTAS_V (caja,fecventa,forma_pago,numtarjeta)
	VALUES (4, TO_DATE('10-11-2011 16:25:03', 'DD-MM-YY HH24:mi:ss'),1,9873261273937409); 

INSERT INTO VENTAS_V (caja,fecventa,forma_pago,numtarjeta)
	VALUES (4, TO_DATE('10-11-2011 12:25:03', 'DD-MM-YY HH24:mi:ss'),1,9873261273937472);		
	

	-- ventas 09-11-2011
INSERT INTO VENTAS_V (caja,fecventa,forma_pago,numtarjeta)
	VALUES (4, TO_DATE('09-11-2011 13:25:03', 'DD-MM-YY HH24:mi:ss'),1,9873261273937463); 

INSERT INTO VENTAS_V (caja,fecventa,forma_pago)
	VALUES (3, TO_DATE('09-11-2011 10:23:03', 'DD-MM-YY HH24:mi:ss'),0); 

INSERT INTO VENTAS_V (caja,fecventa,forma_pago)
	VALUES (3, TO_DATE('09-11-2011 11:25:03', 'DD-MM-YY HH24:mi:ss'),0); 

INSERT INTO VENTAS_V (caja,fecventa,forma_pago)
	VALUES (2, TO_DATE('09-11-2011 10:25:03', 'DD-MM-YY HH24:mi:ss'),0); 

INSERT INTO VENTAS_V (caja,fecventa,forma_pago)
	VALUES (1, TO_DATE('09-11-2011 09:25:03', 'DD-MM-YY HH24:mi:ss'),0); 

INSERT INTO VENTAS_V (caja,fecventa,forma_pago)
	VALUES (2, TO_DATE('09-11-2011 14:25:03', 'DD-MM-YY HH24:mi:ss'),0); 

INSERT INTO VENTAS_V (caja,fecventa,forma_pago)
	VALUES (3, TO_DATE('09-11-2011 12:25:03', 'DD-MM-YY HH24:mi:ss'),0); 

INSERT INTO VENTAS_V (caja,fecventa,forma_pago,numtarjeta)
	VALUES (3, TO_DATE('09-11-2011 11:25:03', 'DD-MM-YY HH24:mi:ss'),1,9873268173937463); 

INSERT INTO VENTAS_V (caja,fecventa,forma_pago,numtarjeta)
	VALUES (4, TO_DATE('09-11-2011 10:25:03', 'DD-MM-YY HH24:mi:ss'),1,9873261273937409); 

INSERT INTO VENTAS_V (caja,fecventa,forma_pago,numtarjeta)
	VALUES (4, TO_DATE('09-11-2011 13:25:03', 'DD-MM-YY HH24:mi:ss'),1,9873261273937472); 

INSERT INTO VENTAS_V (caja,fecventa,forma_pago,numtarjeta)
	VALUES (4, TO_DATE('09-11-2011 16:25:03', 'DD-MM-YY HH24:mi:ss'),1,9873261273937463); 

INSERT INTO VENTAS_V (caja,fecventa,forma_pago)
	VALUES (3, TO_DATE('09-11-2011 15:23:03', 'DD-MM-YY HH24:mi:ss'),0); 

INSERT INTO VENTAS_V (caja,fecventa,forma_pago)
	VALUES (3, TO_DATE('09-11-2011 18:25:03', 'DD-MM-YY HH24:mi:ss'),0); 

INSERT INTO VENTAS_V (caja,fecventa,forma_pago)
	VALUES (2, TO_DATE('09-11-2011 19:25:03', 'DD-MM-YY HH24:mi:ss'),0); 

INSERT INTO VENTAS_V (caja,fecventa,forma_pago)
	VALUES (1, TO_DATE('09-11-2011 20:25:03', 'DD-MM-YY HH24:mi:ss'),0); 

INSERT INTO VENTAS_V (caja,fecventa,forma_pago)
	VALUES (2, TO_DATE('09-11-2011 15:25:03', 'DD-MM-YY HH24:mi:ss'),0); 

INSERT INTO VENTAS_V (caja,fecventa,forma_pago)
	VALUES (3, TO_DATE('09-11-2011 17:25:03', 'DD-MM-YY HH24:mi:ss'),0); 

INSERT INTO VENTAS_V (caja,fecventa,forma_pago,numtarjeta)
	VALUES (3, TO_DATE('09-11-2011 18:25:03', 'DD-MM-YY HH24:mi:ss'),1,9873268173937463); 

INSERT INTO VENTAS_V (caja,fecventa,forma_pago,numtarjeta)
	VALUES (4, TO_DATE('09-11-2011 16:25:03', 'DD-MM-YY HH24:mi:ss'),1,9873261273937409); 

INSERT INTO VENTAS_V (caja,fecventa,forma_pago,numtarjeta)
	VALUES (4, TO_DATE('09-11-2011 12:25:03', 'DD-MM-YY HH24:mi:ss'),1,9873261273937472);		
	
		
	
	-- ventas 08-11-2011
INSERT INTO VENTAS_V (caja,fecventa,forma_pago,numtarjeta)
	VALUES (4, TO_DATE('08-11-2011 13:25:03', 'DD-MM-YY HH24:mi:ss'),1,9873261273937463); 

INSERT INTO VENTAS_V (caja,fecventa,forma_pago)
	VALUES (3, TO_DATE('08-11-2011 10:23:03', 'DD-MM-YY HH24:mi:ss'),0); 

INSERT INTO VENTAS_V (caja,fecventa,forma_pago)
	VALUES (3, TO_DATE('08-11-2011 11:25:03', 'DD-MM-YY HH24:mi:ss'),0); 

INSERT INTO VENTAS_V (caja,fecventa,forma_pago)
	VALUES (2, TO_DATE('08-11-2011 10:25:03', 'DD-MM-YY HH24:mi:ss'),0); 

INSERT INTO VENTAS_V (caja,fecventa,forma_pago)
	VALUES (1, TO_DATE('08-11-2011 09:25:03', 'DD-MM-YY HH24:mi:ss'),0); 

INSERT INTO VENTAS_V (caja,fecventa,forma_pago)
	VALUES (2, TO_DATE('08-11-2011 14:25:03', 'DD-MM-YY HH24:mi:ss'),0); 

INSERT INTO VENTAS_V (caja,fecventa,forma_pago)
	VALUES (3, TO_DATE('08-11-2011 12:25:03', 'DD-MM-YY HH24:mi:ss'),0); 

INSERT INTO VENTAS_V (caja,fecventa,forma_pago,numtarjeta)
	VALUES (3, TO_DATE('08-11-2011 11:25:03', 'DD-MM-YY HH24:mi:ss'),1,9873268173937463); 

INSERT INTO VENTAS_V (caja,fecventa,forma_pago,numtarjeta)
	VALUES (4, TO_DATE('08-11-2011 10:25:03', 'DD-MM-YY HH24:mi:ss'),1,9873261273937409); 

INSERT INTO VENTAS_V (caja,fecventa,forma_pago,numtarjeta)
	VALUES (4, TO_DATE('08-11-2011 13:25:03', 'DD-MM-YY HH24:mi:ss'),1,9873261273937472); 

INSERT INTO VENTAS_V (caja,fecventa,forma_pago,numtarjeta)
	VALUES (4, TO_DATE('08-11-2011 16:25:03', 'DD-MM-YY HH24:mi:ss'),1,9873261273937463); 

INSERT INTO VENTAS_V (caja,fecventa,forma_pago)
	VALUES (3, TO_DATE('08-11-2011 15:23:03', 'DD-MM-YY HH24:mi:ss'),0); 

INSERT INTO VENTAS_V (caja,fecventa,forma_pago)
	VALUES (3, TO_DATE('08-11-2011 18:25:03', 'DD-MM-YY HH24:mi:ss'),0); 

INSERT INTO VENTAS_V (caja,fecventa,forma_pago)
	VALUES (2, TO_DATE('08-11-2011 19:25:03', 'DD-MM-YY HH24:mi:ss'),0); 

INSERT INTO VENTAS_V (caja,fecventa,forma_pago)
	VALUES (1, TO_DATE('08-11-2011 20:25:03', 'DD-MM-YY HH24:mi:ss'),0); 

INSERT INTO VENTAS_V (caja,fecventa,forma_pago)
	VALUES (2, TO_DATE('08-11-2011 15:25:03', 'DD-MM-YY HH24:mi:ss'),0); 

INSERT INTO VENTAS_V (caja,fecventa,forma_pago)
	VALUES (3, TO_DATE('08-11-2011 17:25:03', 'DD-MM-YY HH24:mi:ss'),0); 

INSERT INTO VENTAS_V (caja,fecventa,forma_pago,numtarjeta)
	VALUES (3, TO_DATE('08-11-2011 18:25:03', 'DD-MM-YY HH24:mi:ss'),1,9873268173937463); 

INSERT INTO VENTAS_V (caja,fecventa,forma_pago,numtarjeta)
	VALUES (4, TO_DATE('08-11-2011 16:25:03', 'DD-MM-YY HH24:mi:ss'),1,9873261273937409); 

INSERT INTO VENTAS_V (caja,fecventa,forma_pago,numtarjeta)
	VALUES (4, TO_DATE('08-11-2011 12:25:03', 'DD-MM-YY HH24:mi:ss'),1,9873261273937472);		
	

	-- ventas 07-11-2011
INSERT INTO VENTAS_V (caja,fecventa,forma_pago,numtarjeta)
	VALUES (4, TO_DATE('07-11-2011 13:25:03', 'DD-MM-YY HH24:mi:ss'),1,9873261273937463); 

INSERT INTO VENTAS_V (caja,fecventa,forma_pago)
	VALUES (3, TO_DATE('07-11-2011 10:23:03', 'DD-MM-YY HH24:mi:ss'),0); 

INSERT INTO VENTAS_V (caja,fecventa,forma_pago)
	VALUES (3, TO_DATE('07-11-2011 11:25:03', 'DD-MM-YY HH24:mi:ss'),0); 

INSERT INTO VENTAS_V (caja,fecventa,forma_pago)
	VALUES (2, TO_DATE('07-11-2011 10:25:03', 'DD-MM-YY HH24:mi:ss'),0); 

INSERT INTO VENTAS_V (caja,fecventa,forma_pago)
	VALUES (1, TO_DATE('07-11-2011 09:25:03', 'DD-MM-YY HH24:mi:ss'),0); 

INSERT INTO VENTAS_V (caja,fecventa,forma_pago)
	VALUES (2, TO_DATE('07-11-2011 14:25:03', 'DD-MM-YY HH24:mi:ss'),0); 

INSERT INTO VENTAS_V (caja,fecventa,forma_pago)
	VALUES (3, TO_DATE('07-11-2011 12:25:03', 'DD-MM-YY HH24:mi:ss'),0); 

INSERT INTO VENTAS_V (caja,fecventa,forma_pago,numtarjeta)
	VALUES (3, TO_DATE('07-11-2011 11:25:03', 'DD-MM-YY HH24:mi:ss'),1,9873268173937463); 

INSERT INTO VENTAS_V (caja,fecventa,forma_pago,numtarjeta)
	VALUES (4, TO_DATE('07-11-2011 10:25:03', 'DD-MM-YY HH24:mi:ss'),1,9873261273937409); 

INSERT INTO VENTAS_V (caja,fecventa,forma_pago,numtarjeta)
	VALUES (4, TO_DATE('07-11-2011 13:25:03', 'DD-MM-YY HH24:mi:ss'),1,9873261273937472); 

INSERT INTO VENTAS_V (caja,fecventa,forma_pago,numtarjeta)
	VALUES (4, TO_DATE('07-11-2011 16:25:03', 'DD-MM-YY HH24:mi:ss'),1,9873261273937463); 

INSERT INTO VENTAS_V (caja,fecventa,forma_pago)
	VALUES (3, TO_DATE('07-11-2011 15:23:03', 'DD-MM-YY HH24:mi:ss'),0); 

INSERT INTO VENTAS_V (caja,fecventa,forma_pago)
	VALUES (3, TO_DATE('07-11-2011 18:25:03', 'DD-MM-YY HH24:mi:ss'),0); 

INSERT INTO VENTAS_V (caja,fecventa,forma_pago)
	VALUES (2, TO_DATE('07-11-2011 19:25:03', 'DD-MM-YY HH24:mi:ss'),0); 

INSERT INTO VENTAS_V (caja,fecventa,forma_pago)
	VALUES (1, TO_DATE('07-11-2011 20:25:03', 'DD-MM-YY HH24:mi:ss'),0); 

INSERT INTO VENTAS_V (caja,fecventa,forma_pago)
	VALUES (2, TO_DATE('07-11-2011 15:25:03', 'DD-MM-YY HH24:mi:ss'),0); 

INSERT INTO VENTAS_V (caja,fecventa,forma_pago)
	VALUES (3, TO_DATE('07-11-2011 17:25:03', 'DD-MM-YY HH24:mi:ss'),0); 

INSERT INTO VENTAS_V (caja,fecventa,forma_pago,numtarjeta)
	VALUES (3, TO_DATE('07-11-2011 18:25:03', 'DD-MM-YY HH24:mi:ss'),1,9873268173937463); 

INSERT INTO VENTAS_V (caja,fecventa,forma_pago,numtarjeta)
	VALUES (4, TO_DATE('07-11-2011 16:25:03', 'DD-MM-YY HH24:mi:ss'),1,9873261273937409); 

INSERT INTO VENTAS_V (caja,fecventa,forma_pago,numtarjeta)
	VALUES (4, TO_DATE('07-11-2011 12:25:03', 'DD-MM-YY HH24:mi:ss'),1,9873261273937472);	


	-- ventas 06-11-2011
INSERT INTO VENTAS_V (caja,fecventa,forma_pago,numtarjeta)
	VALUES (4, TO_DATE('06-11-2011 13:25:03', 'DD-MM-YY HH24:mi:ss'),1,9873261273937463); 

INSERT INTO VENTAS_V (caja,fecventa,forma_pago)
	VALUES (3, TO_DATE('06-11-2011 10:23:03', 'DD-MM-YY HH24:mi:ss'),0); 

INSERT INTO VENTAS_V (caja,fecventa,forma_pago)
	VALUES (3, TO_DATE('06-11-2011 11:25:03', 'DD-MM-YY HH24:mi:ss'),0); 

INSERT INTO VENTAS_V (caja,fecventa,forma_pago)
	VALUES (2, TO_DATE('06-11-2011 10:25:03', 'DD-MM-YY HH24:mi:ss'),0); 

INSERT INTO VENTAS_V (caja,fecventa,forma_pago)
	VALUES (1, TO_DATE('06-11-2011 09:25:03', 'DD-MM-YY HH24:mi:ss'),0); 

INSERT INTO VENTAS_V (caja,fecventa,forma_pago)
	VALUES (2, TO_DATE('06-11-2011 14:25:03', 'DD-MM-YY HH24:mi:ss'),0); 

INSERT INTO VENTAS_V (caja,fecventa,forma_pago)
	VALUES (3, TO_DATE('06-11-2011 12:25:03', 'DD-MM-YY HH24:mi:ss'),0); 

INSERT INTO VENTAS_V (caja,fecventa,forma_pago,numtarjeta)
	VALUES (3, TO_DATE('06-11-2011 11:25:03', 'DD-MM-YY HH24:mi:ss'),1,9873268173937463); 

INSERT INTO VENTAS_V (caja,fecventa,forma_pago,numtarjeta)
	VALUES (4, TO_DATE('06-11-2011 10:25:03', 'DD-MM-YY HH24:mi:ss'),1,9873261273937409); 

INSERT INTO VENTAS_V (caja,fecventa,forma_pago,numtarjeta)
	VALUES (4, TO_DATE('06-11-2011 13:25:03', 'DD-MM-YY HH24:mi:ss'),1,9873261273937472); 

INSERT INTO VENTAS_V (caja,fecventa,forma_pago,numtarjeta)
	VALUES (4, TO_DATE('06-11-2011 16:25:03', 'DD-MM-YY HH24:mi:ss'),1,9873261273937463); 

INSERT INTO VENTAS_V (caja,fecventa,forma_pago)
	VALUES (3, TO_DATE('06-11-2011 15:23:03', 'DD-MM-YY HH24:mi:ss'),0); 

INSERT INTO VENTAS_V (caja,fecventa,forma_pago)
	VALUES (3, TO_DATE('06-11-2011 18:25:03', 'DD-MM-YY HH24:mi:ss'),0); 

INSERT INTO VENTAS_V (caja,fecventa,forma_pago)
	VALUES (2, TO_DATE('06-11-2011 19:25:03', 'DD-MM-YY HH24:mi:ss'),0); 

INSERT INTO VENTAS_V (caja,fecventa,forma_pago)
	VALUES (1, TO_DATE('06-11-2011 20:25:03', 'DD-MM-YY HH24:mi:ss'),0); 

INSERT INTO VENTAS_V (caja,fecventa,forma_pago)
	VALUES (2, TO_DATE('06-11-2011 15:25:03', 'DD-MM-YY HH24:mi:ss'),0); 

INSERT INTO VENTAS_V (caja,fecventa,forma_pago)
	VALUES (3, TO_DATE('06-11-2011 17:25:03', 'DD-MM-YY HH24:mi:ss'),0); 

INSERT INTO VENTAS_V (caja,fecventa,forma_pago,numtarjeta)
	VALUES (3, TO_DATE('06-11-2011 18:25:03', 'DD-MM-YY HH24:mi:ss'),1,9873268173937463); 

INSERT INTO VENTAS_V (caja,fecventa,forma_pago,numtarjeta)
	VALUES (4, TO_DATE('06-11-2011 16:25:03', 'DD-MM-YY HH24:mi:ss'),1,9873261273937409); 

INSERT INTO VENTAS_V (caja,fecventa,forma_pago,numtarjeta)
	VALUES (4, TO_DATE('06-11-2011 12:25:03', 'DD-MM-YY HH24:mi:ss'),1,9873261273937472);	

	
	-- ventas 05-11-2011
INSERT INTO VENTAS_V (caja,fecventa,forma_pago,numtarjeta)
	VALUES (4, TO_DATE('05-11-2011 13:25:03', 'DD-MM-YY HH24:mi:ss'),1,9873261273937463); 

INSERT INTO VENTAS_V (caja,fecventa,forma_pago)
	VALUES (3, TO_DATE('05-11-2011 10:23:03', 'DD-MM-YY HH24:mi:ss'),0); 

INSERT INTO VENTAS_V (caja,fecventa,forma_pago)
	VALUES (3, TO_DATE('05-11-2011 11:25:03', 'DD-MM-YY HH24:mi:ss'),0); 

INSERT INTO VENTAS_V (caja,fecventa,forma_pago)
	VALUES (2, TO_DATE('05-11-2011 10:25:03', 'DD-MM-YY HH24:mi:ss'),0); 

INSERT INTO VENTAS_V (caja,fecventa,forma_pago)
	VALUES (1, TO_DATE('05-11-2011 09:25:03', 'DD-MM-YY HH24:mi:ss'),0); 

INSERT INTO VENTAS_V (caja,fecventa,forma_pago)
	VALUES (2, TO_DATE('05-11-2011 14:25:03', 'DD-MM-YY HH24:mi:ss'),0); 

INSERT INTO VENTAS_V (caja,fecventa,forma_pago)
	VALUES (3, TO_DATE('05-11-2011 12:25:03', 'DD-MM-YY HH24:mi:ss'),0); 

INSERT INTO VENTAS_V (caja,fecventa,forma_pago,numtarjeta)
	VALUES (3, TO_DATE('05-11-2011 11:25:03', 'DD-MM-YY HH24:mi:ss'),1,9873268173937463); 

INSERT INTO VENTAS_V (caja,fecventa,forma_pago,numtarjeta)
	VALUES (4, TO_DATE('05-11-2011 10:25:03', 'DD-MM-YY HH24:mi:ss'),1,9873261273937409); 

INSERT INTO VENTAS_V (caja,fecventa,forma_pago,numtarjeta)
	VALUES (4, TO_DATE('05-11-2011 13:25:03', 'DD-MM-YY HH24:mi:ss'),1,9873261273937472); 

INSERT INTO VENTAS_V (caja,fecventa,forma_pago,numtarjeta)
	VALUES (4, TO_DATE('05-11-2011 16:25:03', 'DD-MM-YY HH24:mi:ss'),1,9873261273937463); 

INSERT INTO VENTAS_V (caja,fecventa,forma_pago)
	VALUES (3, TO_DATE('05-11-2011 15:23:03', 'DD-MM-YY HH24:mi:ss'),0); 

INSERT INTO VENTAS_V (caja,fecventa,forma_pago)
	VALUES (3, TO_DATE('05-11-2011 18:25:03', 'DD-MM-YY HH24:mi:ss'),0); 

INSERT INTO VENTAS_V (caja,fecventa,forma_pago)
	VALUES (2, TO_DATE('05-11-2011 19:25:03', 'DD-MM-YY HH24:mi:ss'),0); 

INSERT INTO VENTAS_V (caja,fecventa,forma_pago)
	VALUES (1, TO_DATE('05-11-2011 20:25:03', 'DD-MM-YY HH24:mi:ss'),0); 

INSERT INTO VENTAS_V (caja,fecventa,forma_pago)
	VALUES (2, TO_DATE('05-11-2011 15:25:03', 'DD-MM-YY HH24:mi:ss'),0); 

INSERT INTO VENTAS_V (caja,fecventa,forma_pago)
	VALUES (3, TO_DATE('05-11-2011 17:25:03', 'DD-MM-YY HH24:mi:ss'),0); 

INSERT INTO VENTAS_V (caja,fecventa,forma_pago,numtarjeta)
	VALUES (3, TO_DATE('05-11-2011 18:25:03', 'DD-MM-YY HH24:mi:ss'),1,9873268173937463); 

INSERT INTO VENTAS_V (caja,fecventa,forma_pago,numtarjeta)
	VALUES (4, TO_DATE('05-11-2011 16:25:03', 'DD-MM-YY HH24:mi:ss'),1,9873261273937409); 

INSERT INTO VENTAS_V (caja,fecventa,forma_pago,numtarjeta)
	VALUES (4, TO_DATE('05-11-2011 12:25:03', 'DD-MM-YY HH24:mi:ss'),1,9873261273937472);		
	
	
	-- ventas 04-11-2011
INSERT INTO VENTAS_V (caja,fecventa,forma_pago,numtarjeta)
	VALUES (4, TO_DATE('04-11-2011 13:25:03', 'DD-MM-YY HH24:mi:ss'),1,9873261273937463); 

INSERT INTO VENTAS_V (caja,fecventa,forma_pago)
	VALUES (3, TO_DATE('04-11-2011 10:23:03', 'DD-MM-YY HH24:mi:ss'),0); 

INSERT INTO VENTAS_V (caja,fecventa,forma_pago)
	VALUES (3, TO_DATE('04-11-2011 11:25:03', 'DD-MM-YY HH24:mi:ss'),0); 

INSERT INTO VENTAS_V (caja,fecventa,forma_pago)
	VALUES (2, TO_DATE('04-11-2011 10:25:03', 'DD-MM-YY HH24:mi:ss'),0); 

INSERT INTO VENTAS_V (caja,fecventa,forma_pago)
	VALUES (1, TO_DATE('04-11-2011 09:25:03', 'DD-MM-YY HH24:mi:ss'),0); 

INSERT INTO VENTAS_V (caja,fecventa,forma_pago)
	VALUES (2, TO_DATE('04-11-2011 14:25:03', 'DD-MM-YY HH24:mi:ss'),0); 

INSERT INTO VENTAS_V (caja,fecventa,forma_pago)
	VALUES (3, TO_DATE('04-11-2011 12:25:03', 'DD-MM-YY HH24:mi:ss'),0); 

INSERT INTO VENTAS_V (caja,fecventa,forma_pago,numtarjeta)
	VALUES (3, TO_DATE('04-11-2011 11:25:03', 'DD-MM-YY HH24:mi:ss'),1,9873268173937463); 

INSERT INTO VENTAS_V (caja,fecventa,forma_pago,numtarjeta)
	VALUES (4, TO_DATE('04-11-2011 10:25:03', 'DD-MM-YY HH24:mi:ss'),1,9873261273937409); 

INSERT INTO VENTAS_V (caja,fecventa,forma_pago,numtarjeta)
	VALUES (4, TO_DATE('04-11-2011 13:25:03', 'DD-MM-YY HH24:mi:ss'),1,9873261273937472); 

INSERT INTO VENTAS_V (caja,fecventa,forma_pago,numtarjeta)
	VALUES (4, TO_DATE('04-11-2011 16:25:03', 'DD-MM-YY HH24:mi:ss'),1,9873261273937463); 

INSERT INTO VENTAS_V (caja,fecventa,forma_pago)
	VALUES (3, TO_DATE('04-11-2011 15:23:03', 'DD-MM-YY HH24:mi:ss'),0); 

INSERT INTO VENTAS_V (caja,fecventa,forma_pago)
	VALUES (3, TO_DATE('04-11-2011 18:25:03', 'DD-MM-YY HH24:mi:ss'),0); 

INSERT INTO VENTAS_V (caja,fecventa,forma_pago)
	VALUES (2, TO_DATE('04-11-2011 19:25:03', 'DD-MM-YY HH24:mi:ss'),0); 

INSERT INTO VENTAS_V (caja,fecventa,forma_pago)
	VALUES (1, TO_DATE('04-11-2011 20:25:03', 'DD-MM-YY HH24:mi:ss'),0); 

INSERT INTO VENTAS_V (caja,fecventa,forma_pago)
	VALUES (2, TO_DATE('04-11-2011 15:25:03', 'DD-MM-YY HH24:mi:ss'),0); 

INSERT INTO VENTAS_V (caja,fecventa,forma_pago)
	VALUES (3, TO_DATE('04-11-2011 17:25:03', 'DD-MM-YY HH24:mi:ss'),0); 

INSERT INTO VENTAS_V (caja,fecventa,forma_pago,numtarjeta)
	VALUES (3, TO_DATE('04-11-2011 18:25:03', 'DD-MM-YY HH24:mi:ss'),1,9873268173937463); 

INSERT INTO VENTAS_V (caja,fecventa,forma_pago,numtarjeta)
	VALUES (4, TO_DATE('04-11-2011 16:25:03', 'DD-MM-YY HH24:mi:ss'),1,9873261273937409); 

INSERT INTO VENTAS_V (caja,fecventa,forma_pago,numtarjeta)
	VALUES (4, TO_DATE('04-11-2011 12:25:03', 'DD-MM-YY HH24:mi:ss'),1,9873261273937472);	


	-- ventas 03-11-2011
INSERT INTO VENTAS_V (caja,fecventa,forma_pago,numtarjeta)
	VALUES (4, TO_DATE('03-11-2011 13:25:03', 'DD-MM-YY HH24:mi:ss'),1,9873261273937463); 

INSERT INTO VENTAS_V (caja,fecventa,forma_pago)
	VALUES (3, TO_DATE('03-11-2011 10:23:03', 'DD-MM-YY HH24:mi:ss'),0); 

INSERT INTO VENTAS_V (caja,fecventa,forma_pago)
	VALUES (3, TO_DATE('03-11-2011 11:25:03', 'DD-MM-YY HH24:mi:ss'),0); 

INSERT INTO VENTAS_V (caja,fecventa,forma_pago)
	VALUES (2, TO_DATE('03-11-2011 10:25:03', 'DD-MM-YY HH24:mi:ss'),0); 

INSERT INTO VENTAS_V (caja,fecventa,forma_pago)
	VALUES (1, TO_DATE('03-11-2011 09:25:03', 'DD-MM-YY HH24:mi:ss'),0); 

INSERT INTO VENTAS_V (caja,fecventa,forma_pago)
	VALUES (2, TO_DATE('03-11-2011 14:25:03', 'DD-MM-YY HH24:mi:ss'),0); 

INSERT INTO VENTAS_V (caja,fecventa,forma_pago)
	VALUES (3, TO_DATE('03-11-2011 12:25:03', 'DD-MM-YY HH24:mi:ss'),0); 

INSERT INTO VENTAS_V (caja,fecventa,forma_pago,numtarjeta)
	VALUES (3, TO_DATE('03-11-2011 11:25:03', 'DD-MM-YY HH24:mi:ss'),1,9873268173937463); 

INSERT INTO VENTAS_V (caja,fecventa,forma_pago,numtarjeta)
	VALUES (4, TO_DATE('03-11-2011 10:25:03', 'DD-MM-YY HH24:mi:ss'),1,9873261273937409); 

INSERT INTO VENTAS_V (caja,fecventa,forma_pago,numtarjeta)
	VALUES (4, TO_DATE('03-11-2011 13:25:03', 'DD-MM-YY HH24:mi:ss'),1,9873261273937472); 

INSERT INTO VENTAS_V (caja,fecventa,forma_pago,numtarjeta)
	VALUES (4, TO_DATE('03-11-2011 16:25:03', 'DD-MM-YY HH24:mi:ss'),1,9873261273937463); 

INSERT INTO VENTAS_V (caja,fecventa,forma_pago)
	VALUES (3, TO_DATE('03-11-2011 15:23:03', 'DD-MM-YY HH24:mi:ss'),0); 

INSERT INTO VENTAS_V (caja,fecventa,forma_pago)
	VALUES (3, TO_DATE('03-11-2011 18:25:03', 'DD-MM-YY HH24:mi:ss'),0); 

INSERT INTO VENTAS_V (caja,fecventa,forma_pago)
	VALUES (2, TO_DATE('03-11-2011 19:25:03', 'DD-MM-YY HH24:mi:ss'),0); 

INSERT INTO VENTAS_V (caja,fecventa,forma_pago)
	VALUES (1, TO_DATE('03-11-2011 20:25:03', 'DD-MM-YY HH24:mi:ss'),0); 

INSERT INTO VENTAS_V (caja,fecventa,forma_pago)
	VALUES (2, TO_DATE('03-11-2011 15:25:03', 'DD-MM-YY HH24:mi:ss'),0); 

INSERT INTO VENTAS_V (caja,fecventa,forma_pago)
	VALUES (3, TO_DATE('03-11-2011 17:25:03', 'DD-MM-YY HH24:mi:ss'),0); 

INSERT INTO VENTAS_V (caja,fecventa,forma_pago,numtarjeta)
	VALUES (3, TO_DATE('03-11-2011 18:25:03', 'DD-MM-YY HH24:mi:ss'),1,9873268173937463); 

INSERT INTO VENTAS_V (caja,fecventa,forma_pago,numtarjeta)
	VALUES (4, TO_DATE('03-11-2011 16:25:03', 'DD-MM-YY HH24:mi:ss'),1,9873261273937409); 

INSERT INTO VENTAS_V (caja,fecventa,forma_pago,numtarjeta)
	VALUES (4, TO_DATE('03-11-2011 12:25:03', 'DD-MM-YY HH24:mi:ss'),1,9873261273937472);	

	
	-- ventas 02-11-2011
INSERT INTO VENTAS_V (caja,fecventa,forma_pago,numtarjeta)
	VALUES (4, TO_DATE('02-11-2011 13:25:03', 'DD-MM-YY HH24:mi:ss'),1,9873261273937463); 

INSERT INTO VENTAS_V (caja,fecventa,forma_pago)
	VALUES (3, TO_DATE('02-11-2011 10:23:03', 'DD-MM-YY HH24:mi:ss'),0); 

INSERT INTO VENTAS_V (caja,fecventa,forma_pago)
	VALUES (3, TO_DATE('02-11-2011 11:25:03', 'DD-MM-YY HH24:mi:ss'),0); 

INSERT INTO VENTAS_V (caja,fecventa,forma_pago)
	VALUES (2, TO_DATE('02-11-2011 10:25:03', 'DD-MM-YY HH24:mi:ss'),0); 

INSERT INTO VENTAS_V (caja,fecventa,forma_pago)
	VALUES (1, TO_DATE('02-11-2011 09:25:03', 'DD-MM-YY HH24:mi:ss'),0); 

INSERT INTO VENTAS_V (caja,fecventa,forma_pago)
	VALUES (2, TO_DATE('02-11-2011 14:25:03', 'DD-MM-YY HH24:mi:ss'),0); 

INSERT INTO VENTAS_V (caja,fecventa,forma_pago)
	VALUES (3, TO_DATE('02-11-2011 12:25:03', 'DD-MM-YY HH24:mi:ss'),0); 

INSERT INTO VENTAS_V (caja,fecventa,forma_pago,numtarjeta)
	VALUES (3, TO_DATE('02-11-2011 11:25:03', 'DD-MM-YY HH24:mi:ss'),1,9873268173937463); 

INSERT INTO VENTAS_V (caja,fecventa,forma_pago,numtarjeta)
	VALUES (4, TO_DATE('02-11-2011 10:25:03', 'DD-MM-YY HH24:mi:ss'),1,9873261273937409); 

INSERT INTO VENTAS_V (caja,fecventa,forma_pago,numtarjeta)
	VALUES (4, TO_DATE('02-11-2011 13:25:03', 'DD-MM-YY HH24:mi:ss'),1,9873261273937472); 

INSERT INTO VENTAS_V (caja,fecventa,forma_pago,numtarjeta)
	VALUES (4, TO_DATE('02-11-2011 16:25:03', 'DD-MM-YY HH24:mi:ss'),1,9873261273937463); 

INSERT INTO VENTAS_V (caja,fecventa,forma_pago)
	VALUES (3, TO_DATE('02-11-2011 15:23:03', 'DD-MM-YY HH24:mi:ss'),0); 

INSERT INTO VENTAS_V (caja,fecventa,forma_pago)
	VALUES (3, TO_DATE('02-11-2011 18:25:03', 'DD-MM-YY HH24:mi:ss'),0); 

INSERT INTO VENTAS_V (caja,fecventa,forma_pago)
	VALUES (2, TO_DATE('02-11-2011 19:25:03', 'DD-MM-YY HH24:mi:ss'),0); 

INSERT INTO VENTAS_V (caja,fecventa,forma_pago)
	VALUES (1, TO_DATE('02-11-2011 20:25:03', 'DD-MM-YY HH24:mi:ss'),0); 

INSERT INTO VENTAS_V (caja,fecventa,forma_pago)
	VALUES (2, TO_DATE('02-11-2011 15:25:03', 'DD-MM-YY HH24:mi:ss'),0); 

INSERT INTO VENTAS_V (caja,fecventa,forma_pago)
	VALUES (3, TO_DATE('02-11-2011 17:25:03', 'DD-MM-YY HH24:mi:ss'),0); 

INSERT INTO VENTAS_V (caja,fecventa,forma_pago,numtarjeta)
	VALUES (3, TO_DATE('02-11-2011 18:25:03', 'DD-MM-YY HH24:mi:ss'),1,9873268173937463); 

INSERT INTO VENTAS_V (caja,fecventa,forma_pago,numtarjeta)
	VALUES (4, TO_DATE('02-11-2011 16:25:03', 'DD-MM-YY HH24:mi:ss'),1,9873261273937409); 

INSERT INTO VENTAS_V (caja,fecventa,forma_pago,numtarjeta)
	VALUES (4, TO_DATE('02-11-2011 12:25:03', 'DD-MM-YY HH24:mi:ss'),1,9873261273937472);		

	
	-- ventas 01-11-2011
INSERT INTO VENTAS_V (caja,fecventa,forma_pago,numtarjeta)
	VALUES (4, TO_DATE('01-11-2011 13:25:03', 'DD-MM-YY HH24:mi:ss'),1,9873261273937463); 

INSERT INTO VENTAS_V (caja,fecventa,forma_pago)
	VALUES (3, TO_DATE('01-11-2011 10:23:03', 'DD-MM-YY HH24:mi:ss'),0); 

INSERT INTO VENTAS_V (caja,fecventa,forma_pago)
	VALUES (3, TO_DATE('01-11-2011 11:25:03', 'DD-MM-YY HH24:mi:ss'),0); 

INSERT INTO VENTAS_V (caja,fecventa,forma_pago)
	VALUES (2, TO_DATE('01-11-2011 10:25:03', 'DD-MM-YY HH24:mi:ss'),0); 

INSERT INTO VENTAS_V (caja,fecventa,forma_pago)
	VALUES (1, TO_DATE('01-11-2011 09:25:03', 'DD-MM-YY HH24:mi:ss'),0); 

INSERT INTO VENTAS_V (caja,fecventa,forma_pago)
	VALUES (2, TO_DATE('01-11-2011 14:25:03', 'DD-MM-YY HH24:mi:ss'),0); 

INSERT INTO VENTAS_V (caja,fecventa,forma_pago)
	VALUES (3, TO_DATE('01-11-2011 12:25:03', 'DD-MM-YY HH24:mi:ss'),0); 

INSERT INTO VENTAS_V (caja,fecventa,forma_pago,numtarjeta)
	VALUES (3, TO_DATE('01-11-2011 11:25:03', 'DD-MM-YY HH24:mi:ss'),1,9873268173937463); 

INSERT INTO VENTAS_V (caja,fecventa,forma_pago,numtarjeta)
	VALUES (4, TO_DATE('01-11-2011 10:25:03', 'DD-MM-YY HH24:mi:ss'),1,9873261273937409); 

INSERT INTO VENTAS_V (caja,fecventa,forma_pago,numtarjeta)
	VALUES (4, TO_DATE('01-11-2011 13:25:03', 'DD-MM-YY HH24:mi:ss'),1,9873261273937472); 

INSERT INTO VENTAS_V (caja,fecventa,forma_pago,numtarjeta)
	VALUES (4, TO_DATE('01-11-2011 16:25:03', 'DD-MM-YY HH24:mi:ss'),1,9873261273937463); 

INSERT INTO VENTAS_V (caja,fecventa,forma_pago)
	VALUES (3, TO_DATE('01-11-2011 15:23:03', 'DD-MM-YY HH24:mi:ss'),0); 

INSERT INTO VENTAS_V (caja,fecventa,forma_pago)
	VALUES (3, TO_DATE('01-11-2011 18:25:03', 'DD-MM-YY HH24:mi:ss'),0); 

INSERT INTO VENTAS_V (caja,fecventa,forma_pago)
	VALUES (2, TO_DATE('01-11-2011 19:25:03', 'DD-MM-YY HH24:mi:ss'),0); 

INSERT INTO VENTAS_V (caja,fecventa,forma_pago)
	VALUES (1, TO_DATE('01-11-2011 20:25:03', 'DD-MM-YY HH24:mi:ss'),0); 

INSERT INTO VENTAS_V (caja,fecventa,forma_pago)
	VALUES (2, TO_DATE('01-11-2011 15:25:03', 'DD-MM-YY HH24:mi:ss'),0); 

INSERT INTO VENTAS_V (caja,fecventa,forma_pago)
	VALUES (3, TO_DATE('01-11-2011 17:25:03', 'DD-MM-YY HH24:mi:ss'),0); 

INSERT INTO VENTAS_V (caja,fecventa,forma_pago,numtarjeta)
	VALUES (3, TO_DATE('01-11-2011 18:25:03', 'DD-MM-YY HH24:mi:ss'),1,9873268173937463); 

INSERT INTO VENTAS_V (caja,fecventa,forma_pago,numtarjeta)
	VALUES (4, TO_DATE('01-11-2011 16:25:03', 'DD-MM-YY HH24:mi:ss'),1,9873261273937409); 

INSERT INTO VENTAS_V (caja,fecventa,forma_pago,numtarjeta)
	VALUES (4, TO_DATE('01-11-2011 12:25:03', 'DD-MM-YY HH24:mi:ss'),1,9873261273937472);		
	
	
	-- ventas 31-10-2011
INSERT INTO VENTAS_V (caja,fecventa,forma_pago,numtarjeta)
	VALUES (4, TO_DATE('31-10-2011 13:25:03', 'DD-MM-YY HH24:mi:ss'),1,9873261273937463); 

INSERT INTO VENTAS_V (caja,fecventa,forma_pago)
	VALUES (3, TO_DATE('31-10-2011 10:23:03', 'DD-MM-YY HH24:mi:ss'),0); 

INSERT INTO VENTAS_V (caja,fecventa,forma_pago)
	VALUES (3, TO_DATE('31-10-2011 11:25:03', 'DD-MM-YY HH24:mi:ss'),0); 

INSERT INTO VENTAS_V (caja,fecventa,forma_pago)
	VALUES (2, TO_DATE('31-10-2011 10:25:03', 'DD-MM-YY HH24:mi:ss'),0); 

INSERT INTO VENTAS_V (caja,fecventa,forma_pago)
	VALUES (1, TO_DATE('31-10-2011 09:25:03', 'DD-MM-YY HH24:mi:ss'),0); 

INSERT INTO VENTAS_V (caja,fecventa,forma_pago)
	VALUES (2, TO_DATE('31-10-2011 14:25:03', 'DD-MM-YY HH24:mi:ss'),0); 

INSERT INTO VENTAS_V (caja,fecventa,forma_pago)
	VALUES (3, TO_DATE('31-10-2011 12:25:03', 'DD-MM-YY HH24:mi:ss'),0); 

INSERT INTO VENTAS_V (caja,fecventa,forma_pago,numtarjeta)
	VALUES (3, TO_DATE('31-10-2011 11:25:03', 'DD-MM-YY HH24:mi:ss'),1,9873268173937463); 

INSERT INTO VENTAS_V (caja,fecventa,forma_pago,numtarjeta)
	VALUES (4, TO_DATE('31-10-2011 10:25:03', 'DD-MM-YY HH24:mi:ss'),1,9873261273937409); 

INSERT INTO VENTAS_V (caja,fecventa,forma_pago,numtarjeta)
	VALUES (4, TO_DATE('31-10-2011 13:25:03', 'DD-MM-YY HH24:mi:ss'),1,9873261273937472); 

INSERT INTO VENTAS_V (caja,fecventa,forma_pago,numtarjeta)
	VALUES (4, TO_DATE('31-10-2011 16:25:03', 'DD-MM-YY HH24:mi:ss'),1,9873261273937463); 

INSERT INTO VENTAS_V (caja,fecventa,forma_pago)
	VALUES (3, TO_DATE('31-10-2011 15:23:03', 'DD-MM-YY HH24:mi:ss'),0); 

INSERT INTO VENTAS_V (caja,fecventa,forma_pago)
	VALUES (3, TO_DATE('31-10-2011 18:25:03', 'DD-MM-YY HH24:mi:ss'),0); 

INSERT INTO VENTAS_V (caja,fecventa,forma_pago)
	VALUES (2, TO_DATE('31-10-2011 19:25:03', 'DD-MM-YY HH24:mi:ss'),0); 

INSERT INTO VENTAS_V (caja,fecventa,forma_pago)
	VALUES (1, TO_DATE('31-10-2011 20:25:03', 'DD-MM-YY HH24:mi:ss'),0); 

INSERT INTO VENTAS_V (caja,fecventa,forma_pago)
	VALUES (2, TO_DATE('31-10-2011 15:25:03', 'DD-MM-YY HH24:mi:ss'),0); 

INSERT INTO VENTAS_V (caja,fecventa,forma_pago)
	VALUES (3, TO_DATE('31-10-2011 17:25:03', 'DD-MM-YY HH24:mi:ss'),0); 

INSERT INTO VENTAS_V (caja,fecventa,forma_pago,numtarjeta)
	VALUES (3, TO_DATE('31-10-2011 18:25:03', 'DD-MM-YY HH24:mi:ss'),1,9873268173937463); 

INSERT INTO VENTAS_V (caja,fecventa,forma_pago,numtarjeta)
	VALUES (4, TO_DATE('31-10-2011 16:25:03', 'DD-MM-YY HH24:mi:ss'),1,9873261273937409); 

INSERT INTO VENTAS_V (caja,fecventa,forma_pago,numtarjeta)
	VALUES (4, TO_DATE('31-10-2011 12:25:03', 'DD-MM-YY HH24:mi:ss'),1,9873261273937472);	



	-- ventas 30-10-2011
INSERT INTO VENTAS_V (caja,fecventa,forma_pago,numtarjeta)
	VALUES (4, TO_DATE('30-10-2011 13:25:03', 'DD-MM-YY HH24:mi:ss'),1,9873261273937463); 

INSERT INTO VENTAS_V (caja,fecventa,forma_pago)
	VALUES (3, TO_DATE('30-10-2011 10:23:03', 'DD-MM-YY HH24:mi:ss'),0); 

INSERT INTO VENTAS_V (caja,fecventa,forma_pago)
	VALUES (3, TO_DATE('30-10-2011 11:25:03', 'DD-MM-YY HH24:mi:ss'),0); 

INSERT INTO VENTAS_V (caja,fecventa,forma_pago)
	VALUES (2, TO_DATE('30-10-2011 10:25:03', 'DD-MM-YY HH24:mi:ss'),0); 

INSERT INTO VENTAS_V (caja,fecventa,forma_pago)
	VALUES (1, TO_DATE('30-10-2011 09:25:03', 'DD-MM-YY HH24:mi:ss'),0); 

INSERT INTO VENTAS_V (caja,fecventa,forma_pago)
	VALUES (2, TO_DATE('30-10-2011 14:25:03', 'DD-MM-YY HH24:mi:ss'),0); 

INSERT INTO VENTAS_V (caja,fecventa,forma_pago)
	VALUES (3, TO_DATE('30-10-2011 12:25:03', 'DD-MM-YY HH24:mi:ss'),0); 

INSERT INTO VENTAS_V (caja,fecventa,forma_pago,numtarjeta)
	VALUES (3, TO_DATE('30-10-2011 11:25:03', 'DD-MM-YY HH24:mi:ss'),1,9873268173937463); 

INSERT INTO VENTAS_V (caja,fecventa,forma_pago,numtarjeta)
	VALUES (4, TO_DATE('30-10-2011 10:25:03', 'DD-MM-YY HH24:mi:ss'),1,9873261273937409); 

INSERT INTO VENTAS_V (caja,fecventa,forma_pago,numtarjeta)
	VALUES (4, TO_DATE('30-10-2011 13:25:03', 'DD-MM-YY HH24:mi:ss'),1,9873261273937472); 

INSERT INTO VENTAS_V (caja,fecventa,forma_pago,numtarjeta)
	VALUES (4, TO_DATE('30-10-2011 16:25:03', 'DD-MM-YY HH24:mi:ss'),1,9873261273937463); 

INSERT INTO VENTAS_V (caja,fecventa,forma_pago)
	VALUES (3, TO_DATE('30-10-2011 15:23:03', 'DD-MM-YY HH24:mi:ss'),0); 

INSERT INTO VENTAS_V (caja,fecventa,forma_pago)
	VALUES (3, TO_DATE('30-10-2011 18:25:03', 'DD-MM-YY HH24:mi:ss'),0); 

INSERT INTO VENTAS_V (caja,fecventa,forma_pago)
	VALUES (2, TO_DATE('30-10-2011 19:25:03', 'DD-MM-YY HH24:mi:ss'),0); 

INSERT INTO VENTAS_V (caja,fecventa,forma_pago)
	VALUES (1, TO_DATE('30-10-2011 20:25:03', 'DD-MM-YY HH24:mi:ss'),0); 

INSERT INTO VENTAS_V (caja,fecventa,forma_pago)
	VALUES (2, TO_DATE('30-10-2011 15:25:03', 'DD-MM-YY HH24:mi:ss'),0); 

INSERT INTO VENTAS_V (caja,fecventa,forma_pago)
	VALUES (3, TO_DATE('30-10-2011 17:25:03', 'DD-MM-YY HH24:mi:ss'),0); 

INSERT INTO VENTAS_V (caja,fecventa,forma_pago,numtarjeta)
	VALUES (3, TO_DATE('30-10-2011 18:25:03', 'DD-MM-YY HH24:mi:ss'),1,9873268173937463); 

INSERT INTO VENTAS_V (caja,fecventa,forma_pago,numtarjeta)
	VALUES (4, TO_DATE('30-10-2011 16:25:03', 'DD-MM-YY HH24:mi:ss'),1,9873261273937409); 

INSERT INTO VENTAS_V (caja,fecventa,forma_pago,numtarjeta)
	VALUES (4, TO_DATE('30-10-2011 12:25:03', 'DD-MM-YY HH24:mi:ss'),1,9873261273937472);	
	
	

INSERT INTO ofertas (idoferta, cif, codbarras, precio_ud, nummin_ud, uds_paquete, numdias)
	VALUES (idoferta_seq.NEXTVAL,'B41834201',3394200211002, 0.56, 10, 1, 50);

INSERT INTO ofertas (idoferta, cif, codbarras, precio_ud, nummin_ud, uds_paquete, numdias)
	VALUES (idoferta_seq.NEXTVAL,'H41830012',5394204311078, 0.45, 400, 10, 10 );
	
INSERT INTO ofertas (idoferta, cif, codbarras, precio_ud, nummin_ud, uds_paquete, numdias)
	VALUES (idoferta_seq.NEXTVAL,'A18413302',3394231611062, 0.36, 3999, 40, 25);
			
INSERT INTO ofertas (idoferta, cif, codbarras, precio_ud, nummin_ud, uds_paquete, numdias)
	VALUES (idoferta_seq.NEXTVAL,'N41836786',3394200211002, 0.76, 4599, 3, 20);
			
INSERT INTO ofertas (idoferta, cif, codbarras, precio_ud, nummin_ud, uds_paquete, numdias)
	VALUES (idoferta_seq.NEXTVAL,'A15106925',9894200213212, 0.45, 5000, 40, 23);
			
INSERT INTO ofertas (idoferta, cif, codbarras, precio_ud, nummin_ud, uds_paquete, numdias)
	VALUES (idoferta_seq.NEXTVAL,'B41834201',3494200239333, 0.36, 240, 100, 2);

INSERT INTO ofertas (idoferta, cif, codbarras, precio_ud, nummin_ud, uds_paquete, numdias)
	VALUES (idoferta_seq.NEXTVAL,'H41830012',3494200211562, 0.86, 350, 30, 39);
	
--INSERT INTO ofertas (idoferta, cif, codbarras, precio_ud, nummin_ud, uds_paquete, numdias)
--	VALUES  (idoferta_seq.NEXTVAL,'A18413302',5494200213044, 0.99, 4000, 25, 100);
			
INSERT INTO ofertas (idoferta, cif, codbarras, precio_ud, nummin_ud, uds_paquete, numdias)
	VALUES	(idoferta_seq.NEXTVAL,'N41836786',3494200211599, 0.55, 100, 30, 1);
			
INSERT INTO ofertas (idoferta, cif, codbarras, precio_ud, nummin_ud, uds_paquete, numdias)
	VALUES (idoferta_seq.NEXTVAL,'B41834201',3494200211534, 0.25, 30, 20, 20);

INSERT INTO ofertas (idoferta, cif, codbarras, precio_ud, nummin_ud, uds_paquete, numdias)
	VALUES (idoferta_seq.NEXTVAL,'H41830012',3794200211518, 0.29, 50, 20, 30);
	
INSERT INTO ofertas (idoferta, cif, codbarras, precio_ud, nummin_ud, uds_paquete, numdias)
	VALUES (idoferta_seq.NEXTVAL,'A18413302',3294200211111, 0.78, 40, 10, 2);
			
INSERT INTO ofertas (idoferta, cif, codbarras, precio_ud, nummin_ud, uds_paquete, numdias)
	VALUES (idoferta_seq.NEXTVAL,'N41836786',3494200214564, 0.67, 90, 10, 30);
			
INSERT INTO ofertas (idoferta, cif, codbarras, precio_ud, nummin_ud, uds_paquete, numdias)
	VALUES (idoferta_seq.NEXTVAL,'B41834201',3494200239333, 0.57, 500, 30, 4);

INSERT INTO ofertas (idoferta, cif, codbarras, precio_ud, nummin_ud, uds_paquete, numdias)
	VALUES (idoferta_seq.NEXTVAL,'H41830012',3494200211232, 1.45, 1000, 100, 20);
	
INSERT INTO ofertas (idoferta, cif, codbarras, precio_ud, nummin_ud, uds_paquete, numdias)
	VALUES	(idoferta_seq.NEXTVAL,'A18413302',2094200211042, 2.3, 5000, 22, 10);
			
INSERT INTO ofertas (idoferta, cif, codbarras, precio_ud, nummin_ud, uds_paquete, numdias)
	VALUES	(idoferta_seq.NEXTVAL,'N41836786',3494200211232, 0.45, 230, 10, 10);
	
INSERT INTO ofertas (idoferta, cif, codbarras, precio_ud, nummin_ud, uds_paquete, numdias)
	VALUES (idoferta_seq.NEXTVAL,'B41834201',3494200211562, 0.36, 5, 15, 20);

INSERT INTO ofertas (idoferta, cif, codbarras, precio_ud, nummin_ud, uds_paquete, numdias)
	VALUES (idoferta_seq.NEXTVAL,'H41830012',3794200211518, 0.85, 30, 50, 50 );
	
INSERT INTO ofertas (idoferta, cif, codbarras, precio_ud, nummin_ud, uds_paquete, numdias)
	VALUES	(idoferta_seq.NEXTVAL,'A18413302',3294200211111, 1.36, 20, 60, 35);
			
INSERT INTO ofertas (idoferta, cif, codbarras, precio_ud, nummin_ud, uds_paquete, numdias)
	VALUES	(idoferta_seq.NEXTVAL,'N41836786',3394200211002, 4.76, 4000, 2, 30);
			
INSERT INTO ofertas (idoferta, cif, codbarras, precio_ud, nummin_ud, uds_paquete, numdias)
	VALUES	(idoferta_seq.NEXTVAL,'A15106925',3494200211562, 0.75, 200, 20, 53);
			
INSERT INTO ofertas (idoferta, cif, codbarras, precio_ud, nummin_ud, uds_paquete, numdias)
	VALUES (idoferta_seq.NEXTVAL,'B41834201',3494200239333, 0.56, 640, 500, 4);

INSERT INTO ofertas (idoferta, cif, codbarras, precio_ud, nummin_ud, uds_paquete, numdias)
	VALUES (idoferta_seq.NEXTVAL,'H41830012',3494200211562, 0.26, 190, 10, 56);
	
INSERT INTO ofertas (idoferta, cif, codbarras, precio_ud, nummin_ud, uds_paquete, numdias)
	VALUES  (idoferta_seq.NEXTVAL,'A18413302',2094200211042, 5.99, 3000, 35, 150);
			
INSERT INTO ofertas (idoferta, cif, codbarras, precio_ud, nummin_ud, uds_paquete, numdias)
	VALUES	(idoferta_seq.NEXTVAL,'N41836786',3994200211452, 1.45, 190, 20, 6);
			
INSERT INTO ofertas (idoferta, cif, codbarras, precio_ud, nummin_ud, uds_paquete, numdias)
	VALUES (idoferta_seq.NEXTVAL,'B41834201',3494200211534, 1.25, 20, 60, 27);

INSERT INTO ofertas (idoferta, cif, codbarras, precio_ud, nummin_ud, uds_paquete, numdias)
	VALUES (idoferta_seq.NEXTVAL,'H41830012',3794200211518, 0.39, 60, 22, 33);
	
INSERT INTO ofertas (idoferta, cif, codbarras, precio_ud, nummin_ud, uds_paquete, numdias)
	VALUES (idoferta_seq.NEXTVAL,'A18413302',3294200211111, 0.88, 50, 20, 3);
			
INSERT INTO ofertas (idoferta, cif, codbarras, precio_ud, nummin_ud, uds_paquete, numdias)
	VALUES (idoferta_seq.NEXTVAL,'N41836786',3494200214564, 0.77, 100, 20, 40);
			
INSERT INTO ofertas (idoferta, cif, codbarras, precio_ud, nummin_ud, uds_paquete, numdias)
	VALUES (idoferta_seq.NEXTVAL,'B41834201',3494200239333, 0.67, 660, 30, 8);

INSERT INTO ofertas (idoferta, cif, codbarras, precio_ud, nummin_ud, uds_paquete, numdias)
	VALUES (idoferta_seq.NEXTVAL,'H41830012',3994200211452, 1.55, 1030, 120, 21);
	
INSERT INTO ofertas (idoferta, cif, codbarras, precio_ud, nummin_ud, uds_paquete, numdias)
	VALUES	(idoferta_seq.NEXTVAL,'A18413302',3394233411002, 2.4, 5400, 23, 30);
			
INSERT INTO ofertas (idoferta, cif, codbarras, precio_ud, nummin_ud, uds_paquete, numdias)
	VALUES	(idoferta_seq.NEXTVAL,'N41836786',3394233411002, 0.55, 330, 20, 60);
						

	-- TABLA DETALLE_VENTAS --

INSERT INTO detalle_ventas
	VALUES (1,3294200211111, 8,0.99);
	
INSERT INTO detalle_ventas
	VALUES (1,3494200214564,5,4.99);
	
INSERT INTO detalle_ventas
	VALUES (1,3494200211586,3,4.50);
	
INSERT INTO detalle_ventas
	VALUES (2,3494200211599,5,30.99);
	
INSERT INTO detalle_ventas
	VALUES (2,3394231611062, 2,18.5);
	
INSERT INTO detalle_ventas
	VALUES (2,3494200239333, 3,5.2);
	
INSERT INTO detalle_ventas
	VALUES (2,3294200211111, 8,0.99);

INSERT INTO detalle_ventas
	VALUES (3,3394200211442, 10,2.1);
	
INSERT INTO detalle_ventas
	VALUES (3,2094200211042, 2,1);
	
INSERT INTO detalle_ventas
	VALUES (3,3494200211534, 1,6.78);
	
INSERT INTO detalle_ventas
	VALUES (3,3494200211586, 1,4.25);
	
INSERT INTO detalle_ventas
	VALUES (3,3394204311402, 4,1.87);
	
INSERT INTO detalle_ventas
	VALUES (3,3494200239333, 5,5.2);

INSERT INTO detalle_ventas
	VALUES (4,3494200211562, 1,1.39);
	
INSERT INTO detalle_ventas
	VALUES (4,9894200213212, 9,1.45);
INSERT INTO detalle_ventas
	VALUES (5,3394199811012, 7,1.15);
INSERT INTO detalle_ventas
	VALUES (6,894200211007, 5,19.85);
	
INSERT INTO detalle_ventas
	VALUES (6,3494200239333, 4,5.2);
	
INSERT INTO detalle_ventas
	VALUES (6,3494200211599, 1,30.99);
	
INSERT INTO detalle_ventas
	VALUES (6,2094200211042, 10,1);

--INSERT INTO detalle_ventas
--	VALUES (7,3494200211586, 6,4.50);
	
INSERT INTO detalle_ventas
	VALUES (7,3494200211586, 6,4.25);
	
INSERT INTO detalle_ventas
	VALUES (7,3394204311402, 1,1.87);

INSERT INTO detalle_ventas
	VALUES (8,3494200214564, 3,4.99);
	
INSERT INTO detalle_ventas
	VALUES (8,3494200239333, 8,5.2);
	
INSERT INTO detalle_ventas
	VALUES (8,3494200211534, 9,6.78);
	
INSERT INTO detalle_ventas
	VALUES (8,3394200211442, 1,2.1);	
	
INSERT INTO detalle_ventas
	VALUES (9,3394204311402, 2,1.87);
		
INSERT INTO detalle_ventas
	VALUES (10,894200211007, 3,19.85);
		
INSERT INTO detalle_ventas
	VALUES (11,3494200211586, 1,4.50);
	
INSERT INTO detalle_ventas
	VALUES (11,3494200239333, 6,5.2);
	
INSERT INTO detalle_ventas
	VALUES (12,3494200211232, 10,1.29);
	
INSERT INTO detalle_ventas
	VALUES (12,3494200211586, 2,4.25);
	
INSERT INTO detalle_ventas
	VALUES (12,3494200211562, 7,1.39);
	
INSERT INTO detalle_ventas
	VALUES (12,2094200211042, 3,1);
	
INSERT INTO detalle_ventas
	VALUES (12,3394199811012, 1,1.15);
	
INSERT INTO detalle_ventas
	VALUES (13,9894200213212, 2,4.99);
	
INSERT INTO detalle_ventas
	VALUES (13,3494200214564, 2,4.99);
	
INSERT INTO detalle_ventas
	VALUES (14,3494200211586, 7,4.50);
	
INSERT INTO detalle_ventas
	VALUES (14,3294200211111, 2,0.99);
	
INSERT INTO detalle_ventas
	VALUES (14,3494200211599, 1,30.99);
	
--INSERT INTO detalle_ventas
--	VALUES (14,3494200211586, 1,4.25);
	
INSERT INTO detalle_ventas
	VALUES (15,3394231611062, 9,18.5);
	
INSERT INTO detalle_ventas
	VALUES (16,3494200239333, 7,5.2);
	
INSERT INTO detalle_ventas
	VALUES (17,9894200213212, 5,4.99);
	
INSERT INTO detalle_ventas
	VALUES (17,3394204311402, 1,1.87);
	
INSERT INTO detalle_ventas
	VALUES (18,3494200239333, 2,5.2);
	
INSERT INTO detalle_ventas
	VALUES (19,3394200211442,3,2.1);
	
INSERT INTO detalle_ventas
	VALUES (19,894200211007, 3,19.85);
	
INSERT INTO detalle_ventas
	VALUES (20,3494200211586, 2,4.25);
	
INSERT INTO detalle_ventas
	VALUES (20,2094200211042, 4,1);
	
INSERT INTO detalle_ventas
	VALUES (20,3494200214564, 4,4.99);
	
INSERT INTO detalle_ventas
	VALUES (20,3494200211599, 9,30.99);	

INSERT INTO detalle_ventas
	VALUES (21,3494200211562, 2,1.39);
	
INSERT INTO detalle_ventas
	VALUES (21,3394199811012, 1,1.15);
		
INSERT INTO detalle_ventas
	VALUES (22,3394204311402, 4,1.87);
	
INSERT INTO detalle_ventas
	VALUES (22,3494200211232, 4,1.29);
	
INSERT INTO detalle_ventas
	VALUES (23,3494200211586, 2,4.50);
	
INSERT INTO detalle_ventas
	VALUES (24,3394231611062, 1,18.5);
	
INSERT INTO detalle_ventas
	VALUES (25,894200211007, 1,19.85);
	
INSERT INTO detalle_ventas
	VALUES (25,3494200239333, 3,5.2);

INSERT INTO detalle_ventas
	VALUES (26,3294200211111, 5,0.99);
	
INSERT INTO detalle_ventas
	VALUES (27,3494200211586, 1,4.25);
	
INSERT INTO detalle_ventas
	VALUES (27,3494200211534, 1,6.78);
	
INSERT INTO detalle_ventas
	VALUES (27,3494200239333, 1,5.2);
	
INSERT INTO detalle_ventas
	VALUES (28,3494200211599, 7,30.99);
	
INSERT INTO detalle_ventas
	VALUES (29,3394204311402, 5,1.87);
	
INSERT INTO detalle_ventas
	VALUES (29,3494200211586, 3,4.50);
	
INSERT INTO detalle_ventas
	VALUES (30,2094200211042, 2,1);
	
INSERT INTO detalle_ventas
	VALUES (31,3394200211442, 1,2.1);
	
INSERT INTO detalle_ventas
	VALUES (31,3494200211562, 1,1.39);
	
INSERT INTO detalle_ventas
	VALUES (31,3494200239333, 2,5.2);
	
INSERT INTO detalle_ventas
	VALUES (32,3394231611062, 1,18.5);
	
INSERT INTO detalle_ventas
	VALUES (33,3394199811012, 7,1.15);
	
INSERT INTO detalle_ventas
	VALUES (33,3494200211586, 7,4.25);
	
INSERT INTO detalle_ventas
	VALUES (34,3494200214564, 7,4.99);
	
INSERT INTO detalle_ventas
	VALUES (34,3494200239333, 3,5.2);
	
INSERT INTO detalle_ventas
	VALUES (34,3394204311402, 1,1.87);
	
INSERT INTO detalle_ventas
	VALUES (34,3494200211586, 4,4.50);
	
INSERT INTO detalle_ventas
	VALUES (35,3494200211232, 4,1.29);
	
INSERT INTO detalle_ventas
	VALUES (36,894200211007, 1,19.85);
	
INSERT INTO detalle_ventas
	VALUES (37,3494200211599, 1,30.99);
	
INSERT INTO detalle_ventas
	VALUES (38,3494200211586, 1,4.25);
	
INSERT INTO detalle_ventas
	VALUES (38,3494200239333, 2,5.2);
	
INSERT INTO detalle_ventas
	VALUES (38,3494200211534, 8,6.78);
		
INSERT INTO detalle_ventas
	VALUES (39,3394204311402, 7,1.87);
	
INSERT INTO detalle_ventas
	VALUES (39,3494200211586, 4,4.50);
	
INSERT INTO detalle_ventas
	VALUES (40,3294200211111, 1,0.99);
	
INSERT INTO detalle_ventas
	VALUES (40,9894200213212, 1,4.99);
	
INSERT INTO detalle_ventas
	VALUES (40,3494200214564, 4,4.99);
		
INSERT INTO detalle_ventas
	VALUES (41,3394200211442, 10,2.1);
	
INSERT INTO detalle_ventas
	VALUES (41,3494200211586, 1,4.25);
	
INSERT INTO detalle_ventas
	VALUES (42,894200211007, 3,19.85);
	
INSERT INTO detalle_ventas
	VALUES (43,3394231611062, 6,18.5);
	
INSERT INTO detalle_ventas
	VALUES (44,3494200211534, 3,6.78);
	
INSERT INTO detalle_ventas
	VALUES (44,3494200211562, 5,1.39);
	
INSERT INTO detalle_ventas
	VALUES (45,3394204311402, 1,1.87);
	
INSERT INTO detalle_ventas
	VALUES (45,2094200211042, 6,1);
	
INSERT INTO detalle_ventas
	VALUES (45,3394199811012, 4,1.15);
	
INSERT INTO detalle_ventas
	VALUES (46,3494200239333, 2,5.2);
	
INSERT INTO detalle_ventas
	VALUES (47,3494200239333, 1,5.2);
	
INSERT INTO detalle_ventas
	VALUES (47,3494200211586, 4,4.25);
	
INSERT INTO detalle_ventas
	VALUES (48,3394231611062, 6,18.5);
	
--INSERT INTO detalle_ventas
--	VALUES (49,3494200239333, 5,5.2);
	
INSERT INTO detalle_ventas
	VALUES (49,3494200211562, 2,1.39);
	
INSERT INTO detalle_ventas
	VALUES (49,3494200239333, 9,5.2);
	
INSERT INTO detalle_ventas
	VALUES (49,9894200213212, 3,4.99);
	
INSERT INTO detalle_ventas
	VALUES (50,3494200211232, 4,1.29);
	
INSERT INTO detalle_ventas
	VALUES (51,3394204311402, 1,1.87);
	
INSERT INTO detalle_ventas
	VALUES (52,3494200211599, 2,30.99);
	
INSERT INTO detalle_ventas
	VALUES (53,3394200211442, 2,2.1);
	
INSERT INTO detalle_ventas
	VALUES (54,3494200239333, 1,5.2);
	
INSERT INTO detalle_ventas
	VALUES (55,2094200211042, 1,1);
	
INSERT INTO detalle_ventas
	VALUES (55,3394204311402, 1,1.87);
	
INSERT INTO detalle_ventas
	VALUES (56,894200211007, 1,19.85);
	
INSERT INTO detalle_ventas
	VALUES (57,3494200211562, 4,1.39);
	
INSERT INTO detalle_ventas
	VALUES (58,3394231611062, 1,18.5);
	
INSERT INTO detalle_ventas
	VALUES (59,3394200211442, 2,2.1);
	
INSERT INTO detalle_ventas
	VALUES (59,3494200211534, 7,6.78);
	
INSERT INTO detalle_ventas
	VALUES (60,3494200239333, 1,5.2);
	
INSERT INTO detalle_ventas
	VALUES (60,3294200211111, 1,0.99);
	
INSERT INTO detalle_ventas
	VALUES (61,3494200211586, 8,4.50);
	
INSERT INTO detalle_ventas
	VALUES (61,3394204311402, 7,1.87);
	
INSERT INTO detalle_ventas
	VALUES (62,3394199811012, 5,1.15);
	
INSERT INTO detalle_ventas
	VALUES (63,3394231611062, 1,18.5);
	
INSERT INTO detalle_ventas
	VALUES (63,3494200211599, 3,30.99);
	
INSERT INTO detalle_ventas
	VALUES (63,3494200211562, 3,1.39);

INSERT INTO detalle_ventas
	VALUES (64,3494200239333, 1,5.2);

INSERT INTO detalle_ventas
	VALUES (65,3494200211586, 1,4.25);
	
INSERT INTO detalle_ventas
	VALUES (65,3394204311402, 2,1.87);
	
INSERT INTO detalle_ventas
	VALUES (66,3394204311402, 1,1.87);
	
INSERT INTO detalle_ventas
	VALUES (67,894200211007, 1,19.85);
	
INSERT INTO detalle_ventas
	VALUES (67,9894200213212, 1,4.99);
	
INSERT INTO detalle_ventas
	VALUES (67,3494200214564, 3,4.99);

INSERT INTO detalle_ventas
	VALUES (68,3394200211442, 12,2.1);
	
INSERT INTO detalle_ventas
	VALUES (68,3494200211232, 7,1.29);
	
INSERT INTO detalle_ventas
	VALUES (69,2094200211042, 6,1);
	
INSERT INTO detalle_ventas
	VALUES (69,3394199811012, 6,1.15);
	
INSERT INTO detalle_ventas
	VALUES (69,3494200211599, 2,30.99);
	
INSERT INTO detalle_ventas
	VALUES (70,3494200239333, 8,5.2);
	
INSERT INTO detalle_ventas
	VALUES (70,3394231611062, 1,18.5);

INSERT INTO detalle_ventas
	VALUES (71,3394204311402, 1,1.87);
	
INSERT INTO detalle_ventas
	VALUES (72,3494200211562, 3,1.39);
	
INSERT INTO detalle_ventas
	VALUES (73,3494200239333, 3,5.2);
	
INSERT INTO detalle_ventas
	VALUES (73,3494200214564, 3,4.99);
	
INSERT INTO detalle_ventas
	VALUES (74,3494200211534, 2,6.78);
	
INSERT INTO detalle_ventas
	VALUES (75,894200211007, 1,19.85);
	
INSERT INTO detalle_ventas
	VALUES (75,3394200211442, 1,2.1);
	
INSERT INTO detalle_ventas
	VALUES (76,3494200211586, 1,4.25);
	
INSERT INTO detalle_ventas
	VALUES (76,3394204311402, 1,1.87);
	
INSERT INTO detalle_ventas
	VALUES (76,3494200211599, 1,30.99);
	
INSERT INTO detalle_ventas
	VALUES (77,3494200211232, 1,1.29);
	
INSERT INTO detalle_ventas
	VALUES (77,3494200211562, 3,1.39);

INSERT INTO detalle_ventas
	VALUES (78,3494200239333, 1,5.2);
	
INSERT INTO detalle_ventas
	VALUES (78,9894200213212, 2,4.99);
	
INSERT INTO detalle_ventas
	VALUES (78,3494200211586, 3,4.50);
	
INSERT INTO detalle_ventas
	VALUES (79,3394204311402, 2,1.87);
	
INSERT INTO detalle_ventas
	VALUES (79,3394199811012, 2,1.15);
	
INSERT INTO detalle_ventas
	VALUES (80,3394231611062, 3,18.5);
	
INSERT INTO detalle_ventas
	VALUES (81,3494200211232, 12,1.29);
	
INSERT INTO detalle_ventas
	VALUES (82,3494200211562, 3,1.39);
	
INSERT INTO detalle_ventas
	VALUES (83,2094200211042, 3,1);
	
INSERT INTO detalle_ventas
	VALUES (83,3494200211534, 1,6.78);
	
INSERT INTO detalle_ventas
	VALUES (83,3394204311402, 3,1.87);
	

INSERT INTO detalle_ventas
	VALUES (84,3394200211442, 6,2.1);
	
INSERT INTO detalle_ventas
	VALUES (85,3494200211586, 2,4.50);
	
INSERT INTO detalle_ventas
	VALUES (85,3294200211111, 5,0.99);

INSERT INTO detalle_ventas
	VALUES (86,894200211007, 1,19.85);

INSERT INTO detalle_ventas
	VALUES (87,3394204311402, 4,1.87);

INSERT INTO detalle_ventas
	VALUES (88,3494200211586, 4,4.25);
	
INSERT INTO detalle_ventas
	VALUES (88,3494200211562, 4,1.39);
	
INSERT INTO detalle_ventas
	VALUES (88,3394199811012, 2,1.15);

INSERT INTO detalle_ventas
	VALUES (89,3494200239333, 1,5.2);
	
INSERT INTO detalle_ventas
	VALUES (89,9894200213212, 1,4.99);

INSERT INTO detalle_ventas
	VALUES (90,3394231611062, 1,18.5);

INSERT INTO detalle_ventas
	VALUES (91,3494200211599, 1,30.99);

INSERT INTO detalle_ventas
	VALUES (92,3394204311402, 4,1.87);

INSERT INTO detalle_ventas
	VALUES (93,3494200211562, 6,1.39);

INSERT INTO detalle_ventas
	VALUES (94,3494200211232, 1,1.29);
	
INSERT INTO detalle_ventas
	VALUES (94,3494200211534, 1,6.78);

INSERT INTO detalle_ventas
	VALUES (95,3494200239333, 7,5.2);
	
INSERT INTO detalle_ventas
	VALUES (95,3394204311402, 1,1.87);
	
INSERT INTO detalle_ventas
	VALUES (95,3494200211586, 3,4.25);

INSERT INTO detalle_ventas
	VALUES (96,2094200211042, 3,1);

INSERT INTO detalle_ventas
	VALUES (97,3394199811012, 3,1.15);

INSERT INTO detalle_ventas
	VALUES (98,3394204311402, 2,1.87);

INSERT INTO detalle_ventas
	VALUES (99,3494200214564, 1,4.99);
	
INSERT INTO detalle_ventas
	VALUES (99,3394200211442, 7,2.1);

INSERT INTO detalle_ventas
	VALUES (100,3494200211586, 5,4.25);
	
INSERT INTO detalle_ventas
	VALUES (100,3494200211534, 2,6.78);


	-- TABLA DETALLE_VENTAS --

INSERT INTO detalle_ventas
	VALUES (101,3394200211002,1,8.79);
	
INSERT INTO detalle_ventas
	VALUES (101,3394233411002,2,15.6);
	
INSERT INTO detalle_ventas
	VALUES (101,3394210911004,3 ,10.99);

INSERT INTO detalle_ventas
	VALUES (102,0894200211007, 1,19.85);
	
INSERT INTO detalle_ventas
	VALUES (102,3394233411002, 2,15.6);
	
INSERT INTO detalle_ventas
	VALUES (102,8394200441002, 5,12.10);
	
INSERT INTO detalle_ventas
	VALUES (102,3394210911004, 3,10.99);

INSERT INTO detalle_ventas
	VALUES (103,5394204311078,1 ,70.99);
	
INSERT INTO detalle_ventas
	VALUES (103,8394200441002, 2,12.10);
	
INSERT INTO detalle_ventas
	VALUES (103,0894200211007,3 ,19.85);
	
INSERT INTO detalle_ventas
	VALUES (103,3394233411002,4 ,15.6);
	
INSERT INTO detalle_ventas
	VALUES (103,3394199811012,6 ,1.15);
	
INSERT INTO detalle_ventas
	VALUES (103,3394210911004, 1,10.99);

INSERT INTO detalle_ventas
	VALUES (104,0894200211007, 9,19.85);
	
INSERT INTO detalle_ventas
	VALUES (104,8394200441002, 1,12.10);
	
INSERT INTO detalle_ventas
	VALUES (105,3394233411002, 2,15.6);

INSERT INTO detalle_ventas
	VALUES (106,3394210911004, 2,10.99);
	
INSERT INTO detalle_ventas
	VALUES (106,8394200441002,3 ,12.10);
	
INSERT INTO detalle_ventas
	VALUES (106,0894200211007, 3,19.85);
	
INSERT INTO detalle_ventas
	VALUES (106,5394204311078, 2,70.99);
	





INSERT INTO detalle_ventas
	VALUES (107,3394233411002, 1,15.6);
	
INSERT INTO detalle_ventas
	VALUES (107,8394200441002,3 ,12.10);
	
INSERT INTO detalle_ventas
	VALUES (107,0894200211007, 2,19.85);
	

	
	
INSERT INTO detalle_ventas
	VALUES (108,3394233411002, 4,15.6);
	
INSERT INTO detalle_ventas
	VALUES (108,5394204311078, 2,70.99);
	
INSERT INTO detalle_ventas
	VALUES (108,3394210911004, 1,10.99);
	
INSERT INTO detalle_ventas
	VALUES (108,8394200441002, 3,12.10);
	


	
	
INSERT INTO detalle_ventas
	VALUES (109,3394233411002, 2,15.6);
	



	
INSERT INTO detalle_ventas
	VALUES (110,3394200211002,1 ,8.79);
	

	
	
INSERT INTO detalle_ventas
	VALUES (111,3394210911004, 3,10.99);
	
INSERT INTO detalle_ventas
	VALUES (111,0894200211007, 2,19.85);
	




--INSERT INTO detalle_ventas
--	VALUES (112,8394200441002, 2,12.10);
	
INSERT INTO detalle_ventas
	VALUES (112,5394204311078,1 ,70.99);
	
INSERT INTO detalle_ventas
	VALUES (112,3394199811012,2 ,1.15);
	
INSERT INTO detalle_ventas
	VALUES (112,3394233411002, 3,15.6);
	
INSERT INTO detalle_ventas
	VALUES (112,8394200441002, 2,12.10);
	



INSERT INTO detalle_ventas
	VALUES (113,5394204311078,4 ,70.99);
	
INSERT INTO detalle_ventas
	VALUES (113,8394200441002,2 ,12.10);
	




INSERT INTO detalle_ventas
	VALUES (114,3394233411002,2 ,15.6);
	




INSERT INTO detalle_ventas
	VALUES (114,3394210911004,4 ,10.99);
	
INSERT INTO detalle_ventas
	VALUES (114,5394204311078, 3,70.99);
	
--INSERT INTO detalle_ventas
--	VALUES (114,3394233411002, 4,15.6);
	




INSERT INTO detalle_ventas
	VALUES (115,3394210911004, 2,10.99);
	




INSERT INTO detalle_ventas
	VALUES (116,3394200211002, 3,8.79);
	




INSERT INTO detalle_ventas
	VALUES (117,8394200441002,2 ,12.10);
	
INSERT INTO detalle_ventas
	VALUES (117,5394204311078,1 ,70.99);
	




INSERT INTO detalle_ventas
	VALUES (118,3394199811012,3 ,1.15);
	



INSERT INTO detalle_ventas
	VALUES (119,8394200441002, 4,12.10);
	
INSERT INTO detalle_ventas
	VALUES (119,3394210911004,2 ,10.99);
	
	


INSERT INTO detalle_ventas
	VALUES (120,3394233411002, 3,15.6);
	
INSERT INTO detalle_ventas
	VALUES (120,0894200211007,2 ,19.85);
	
INSERT INTO detalle_ventas
	VALUES (120,5394204311078, 1,70.99);
	
INSERT INTO detalle_ventas
	VALUES (120,8394200441002, 2,12.10);
	

	

INSERT INTO detalle_ventas
	VALUES (121,5394204311078, 3,70.99);
	

INSERT INTO detalle_ventas
	VALUES (121,3394210911004, 4,10.99);
	

	
	
	
	
	
INSERT INTO detalle_ventas
	VALUES (122,8394200441002, 2,12.10);
	
INSERT INTO detalle_ventas
	VALUES (122,3394233411002, 1,15.6);
	
	



INSERT INTO detalle_ventas
	VALUES (123,3394200211002, 2,8.79);
	




INSERT INTO detalle_ventas
	VALUES (124,0894200211007,3 ,19.85);
	





INSERT INTO detalle_ventas
	VALUES (125,5394204311078,2 ,70.99);
	
INSERT INTO detalle_ventas
	VALUES (125,8394200441002,2 ,12.10);
	




INSERT INTO detalle_ventas
	VALUES (126,3394210911004,1 ,10.99);
	



INSERT INTO detalle_ventas
	VALUES (127,5394204311078, 1,70.99);
	
INSERT INTO detalle_ventas
	VALUES (127,3394199811012, 2,1.15);
	
INSERT INTO detalle_ventas
	VALUES (127,0894200211007,2 ,19.85);
	




INSERT INTO detalle_ventas
	VALUES (128,3394233411002,3 ,15.6);
	



INSERT INTO detalle_ventas
	VALUES (129,3394210911004, 6,10.99);
	
INSERT INTO detalle_ventas
	VALUES (129,8394200441002,3 ,12.10);
	




INSERT INTO detalle_ventas
	VALUES (130,5394204311078,3 ,70.99);
	



INSERT INTO detalle_ventas
	VALUES (131,3394199811012,2 ,1.15);
	
INSERT INTO detalle_ventas
	VALUES (131,5394204311078, 2,70.99);
	
INSERT INTO detalle_ventas
	VALUES (131,3394200211002, 1,8.79);
	




INSERT INTO detalle_ventas
	VALUES (132,3394233411002, 1,15.6);
	



INSERT INTO detalle_ventas
	VALUES (133,3394210911004, 2,10.99);
	
INSERT INTO detalle_ventas
	VALUES (133,3394200211002, 3,8.79);
	





INSERT INTO detalle_ventas
	VALUES (134,5394204311078,4 ,70.99);
	
INSERT INTO detalle_ventas
	VALUES (134,8394200441002, 2,12.10);
	
INSERT INTO detalle_ventas
	VALUES (134,3394210911004, 1,10.99);
	
INSERT INTO detalle_ventas
	VALUES (134,0894200211007, 2,19.85);
	





INSERT INTO detalle_ventas
	VALUES (135,3394200211002,2 ,8.79);
	





INSERT INTO detalle_ventas
	VALUES (136,3394233411002,1 ,15.6);
	




INSERT INTO detalle_ventas
	VALUES (137,3394210911004, 1,10.99);
	



INSERT INTO detalle_ventas
	VALUES (138,8394200441002, 1,12.10);
	
INSERT INTO detalle_ventas
	VALUES (138,5394204311078, 2,70.99);
	
INSERT INTO detalle_ventas
	VALUES (138,0894200211007,2 ,19.85);
	




	
	
INSERT INTO detalle_ventas
	VALUES (139,3394200211002,2 ,8.79);
	
INSERT INTO detalle_ventas
	VALUES (139,3394233411002,1 ,15.6);
	




INSERT INTO detalle_ventas
	VALUES (140,3394210911004, 1,10.99);
	
INSERT INTO detalle_ventas
	VALUES (140,8394200441002, 1,12.10);
	
INSERT INTO detalle_ventas
	VALUES (140,5394204311078, 2,70.99);
	

	
	
INSERT INTO detalle_ventas
	VALUES (141,3394200211002, 2,8.79);
	
INSERT INTO detalle_ventas
	VALUES (141,3394210911004, 3,10.99);
	


	
INSERT INTO detalle_ventas
	VALUES (142,0894200211007,3 ,19.85);
	



INSERT INTO detalle_ventas
	VALUES (143,3394233411002, 2,15.6);
	




INSERT INTO detalle_ventas
	VALUES (144,3394200211002, 2,8.79);
	
INSERT INTO detalle_ventas
	VALUES (144,3394210911004,2 ,10.99);
	





INSERT INTO detalle_ventas
	VALUES (145,3394233411002,1 ,15.6);
	
INSERT INTO detalle_ventas
	VALUES (145,0894200211007,1 ,19.85);
	
INSERT INTO detalle_ventas
	VALUES (145,3394210911004, 2,10.99);
	




INSERT INTO detalle_ventas
	VALUES (146,8394200441002,3 ,12.10);
	




INSERT INTO detalle_ventas
	VALUES (147,3394200211002, 3,8.79);
	
INSERT INTO detalle_ventas
	VALUES (147,8394200441002,2 ,12.10);
	





INSERT INTO detalle_ventas
	VALUES (148,3394233411002, 2,15.6);
	





INSERT INTO detalle_ventas
	VALUES (149,3394200211002,3 ,8.79);
	
INSERT INTO detalle_ventas
	VALUES (149,3394210911004,2 ,10.99);
	
INSERT INTO detalle_ventas
	VALUES (149,3394233411002,1 ,15.6);
	
INSERT INTO detalle_ventas
	VALUES (149,0894200211007,1 ,19.85);
	





INSERT INTO detalle_ventas
	VALUES (150,5394204311078,1 ,70.99);
	
INSERT INTO detalle_ventas
	VALUES (151,8394200441002, 2,12.10);
	




INSERT INTO detalle_ventas
	VALUES (152,5394204311078,1 ,70.99);
	





INSERT INTO detalle_ventas
	VALUES (153,3394200211002, 1,8.79);
	
INSERT INTO detalle_ventas
	VALUES (154,3394210911004, 1,10.99);
	





INSERT INTO detalle_ventas
	VALUES (155,3394233411002,2 ,15.6);
	
INSERT INTO detalle_ventas
	VALUES (155,0894200211007,2 ,19.85);
	






INSERT INTO detalle_ventas
	VALUES (156,3394200211002, 2,8.79);
	






INSERT INTO detalle_ventas
	VALUES (157,3394233411002, 1,15.6);
	






INSERT INTO detalle_ventas
	VALUES (158,3394200211002,2 ,8.79);
	








INSERT INTO detalle_ventas
	VALUES (159,3394233411002,2 ,15.6);
	
INSERT INTO detalle_ventas
	VALUES (159,0894200211007,3 ,19.85);
	





INSERT INTO detalle_ventas
	VALUES (160,3394200211002, 3,8.79);
	
INSERT INTO detalle_ventas
	VALUES (160,3394210911004,2 ,10.99);
	






INSERT INTO detalle_ventas
	VALUES (161,8394200441002, 2,12.10);
	
INSERT INTO detalle_ventas
	VALUES (161,0894200211007, 2,19.85);
	





INSERT INTO detalle_ventas
	VALUES (162,3394233411002,1 ,15.6);
	





INSERT INTO detalle_ventas
	VALUES (163,3394200211002, 1,8.79);
	
INSERT INTO detalle_ventas
	VALUES (163,8394200441002,2 ,12.10);
	
INSERT INTO detalle_ventas
	VALUES (163,3394210911004, 2,10.99);
	






INSERT INTO detalle_ventas
	VALUES (164,0894200211007,3 ,19.85);
	





INSERT INTO detalle_ventas
	VALUES (165,3394200211002,3 ,8.79);
	
INSERT INTO detalle_ventas
	VALUES (165,3394233411002, 1,15.6);
	
	



INSERT INTO detalle_ventas
	VALUES (166,3394210911004,1 ,10.99);
	




INSERT INTO detalle_ventas
	VALUES (167,3394200211002, 1,8.79);
	
INSERT INTO detalle_ventas
	VALUES (167,0894200211007,1 ,19.85);
	
INSERT INTO detalle_ventas
	VALUES (167,3394210911004,2 ,10.99);
	



INSERT INTO detalle_ventas
	VALUES (168,8394200441002, 2,12.10);
	
INSERT INTO detalle_ventas
	VALUES (168,3394233411002,2 ,15.6);
	





INSERT INTO detalle_ventas
	VALUES (169,3394200211002,2 ,8.79);
	
INSERT INTO detalle_ventas
	VALUES (169,0894200211007, 2,19.85);
	
INSERT INTO detalle_ventas
	VALUES (169,3394233411002,2 ,15.6);
	




INSERT INTO detalle_ventas
	VALUES (170,3394210911004,3 ,10.99);
	
INSERT INTO detalle_ventas
	VALUES (170,8394200441002, 3,12.10);
	





INSERT INTO detalle_ventas
	VALUES (171,3394200211002,3 ,8.79);
	




INSERT INTO detalle_ventas
	VALUES (172,3394210911004,2 ,10.99);
	






INSERT INTO detalle_ventas
	VALUES (173,3394200211002,2 ,8.79);
	
INSERT INTO detalle_ventas
	VALUES (173,3394233411002,1 ,15.6);
	






INSERT INTO detalle_ventas
	VALUES (174,3394210911004, 1,10.99);
	





INSERT INTO detalle_ventas
	VALUES (175,3394200211002,1 ,8.79);
	
INSERT INTO detalle_ventas
	VALUES (175,0894200211007,1 ,19.85);
	







INSERT INTO detalle_ventas
	VALUES (176,3394210911004,1 ,10.99);
	
INSERT INTO detalle_ventas
	VALUES (176,8394200441002, 2,12.10);
	
INSERT INTO detalle_ventas
	VALUES (176,3394233411002,2 ,15.6);
	






INSERT INTO detalle_ventas
	VALUES (177,3394200211002,2 ,8.79);
	
INSERT INTO detalle_ventas
	VALUES (177,3394233411002,2 ,15.6);
	









--INSERT INTO detalle_ventas
--	VALUES (178,3394200211002, 2,8.79);
	
--INSERT INTO detalle_ventas
--	VALUES (178,3394200211002, 1,8.79);
	
INSERT INTO detalle_ventas
	VALUES (178,3394200211002, 1,8.79);
	





INSERT INTO detalle_ventas
	VALUES (179,3394210911004,2 ,10.99);
	
INSERT INTO detalle_ventas
	VALUES (179,3394233411002,2 ,15.6);
	






INSERT INTO detalle_ventas
	VALUES (180,3394210911004,1 ,10.99);
	







INSERT INTO detalle_ventas
	VALUES (180,0894200211007, 1,19.85);
	







INSERT INTO detalle_ventas
	VALUES (182,0894200211007, 1,19.85);
	







INSERT INTO detalle_ventas
	VALUES (183,3394200211002,2 ,8.79);
	
INSERT INTO detalle_ventas
	VALUES (183,8394200441002,2 ,12.10);
	
INSERT INTO detalle_ventas
	VALUES (183,3394233411002, 2,15.6);
	







INSERT INTO detalle_ventas
	VALUES (184,3394233411002, 3,15.6);
	







INSERT INTO detalle_ventas
	VALUES (185,3394200211002, 3,8.79);
	
INSERT INTO detalle_ventas
	VALUES (185,3394210911004,2 ,10.99);
	







INSERT INTO detalle_ventas
	VALUES (186,0894200211007,2 ,19.85);
	






INSERT INTO detalle_ventas
	VALUES (187,3394233411002, 2,15.6);
	






INSERT INTO detalle_ventas
	VALUES (188,3394200211002,2 ,8.79);
	
INSERT INTO detalle_ventas
	VALUES (188,3394210911004,1 ,10.99);
	
INSERT INTO detalle_ventas
	VALUES (188,0894200211007, 1,19.85);
	






INSERT INTO detalle_ventas
	VALUES (189,8394200441002, 1,12.10);
	
INSERT INTO detalle_ventas
	VALUES (189,5394204311078, 2,70.99);
	






INSERT INTO detalle_ventas
	VALUES (190,3394200211002,2 ,8.79);
	





INSERT INTO detalle_ventas
	VALUES (191,8394200441002,3 ,12.10);
	





INSERT INTO detalle_ventas
	VALUES (192,3394210911004,3 ,10.99);
	





INSERT INTO detalle_ventas
	VALUES (193,3394233411002, 2,15.6);
	





INSERT INTO detalle_ventas
	VALUES (194,3394200211002,2 ,8.79);
	
INSERT INTO detalle_ventas
	VALUES (194,3394210911004,2 ,10.99);
	






INSERT INTO detalle_ventas
	VALUES (195,0894200211007, 2,19.85);
	
INSERT INTO detalle_ventas
	VALUES (195,8394200441002, 1,12.10);
	
INSERT INTO detalle_ventas
	VALUES (195,3394233411002,1 ,15.6);
	







INSERT INTO detalle_ventas
	VALUES (196,3394210911004,1 ,10.99);
	





INSERT INTO detalle_ventas
	VALUES (197,3394233411002,1 ,15.6);
	





INSERT INTO detalle_ventas
	VALUES (198,3394210911004, 1,10.99);
	





INSERT INTO detalle_ventas
	VALUES (199,3394200211002,2 ,8.79);
	
INSERT INTO detalle_ventas
	VALUES (199,3394210911004, 2,10.99);
	






INSERT INTO detalle_ventas
	VALUES (200,3394233411002,2 ,15.6);
	
--INSERT INTO detalle_ventas
--	VALUES (200,3394210911004, ,10.99);
	

-- TABLA DETALLE_VENTAS --

INSERT INTO detalle_ventas
	values (201,3494200211563,5,0.69);
	
INSERT INTO detalle_ventas
	values (201,3494200211562,1,1.39);
	
INSERT INTO detalle_ventas
	values (201,3494200211560,1,65.69);
	

	
	
INSERT INTO detalle_ventas
	values (202,8394200441002,2,12.10);
	
INSERT INTO detalle_ventas
	values (202,5394204311078,1,70.99);
	
INSERT INTO detalle_ventas
	values (202,3394199811012,1,1.15);
	
INSERT INTO detalle_ventas
	values (202,9894200213212,2,1.45);
	



INSERT INTO detalle_ventas
	values (203,3494200211569,1,65.49);
	
INSERT INTO detalle_ventas
	values (203,3494200211562,5,1.39);
	
INSERT INTO detalle_ventas
	values (203,3794200211518,10,1.25);
	
INSERT INTO detalle_ventas
	values (203,3294200211111,7,0.99);
	
--INSERT INTO detalle_ventas
--	values (203,3394200211002,2,8,79);
	
INSERT INTO detalle_ventas
	values (203,3394233411002,50,15.60);
	

	
	

INSERT INTO detalle_ventas
	values (204,3394200211442,3,2.10);
	
INSERT INTO detalle_ventas
	values (204,2094200211042,40,1);
	

	
	

INSERT INTO detalle_ventas
	values (205,9894200213212,4,1.45);


	


INSERT INTO detalle_ventas
	values (206,3494200211562,1,1.39);
	
INSERT INTO detalle_ventas
	values (206,3494200211569,1,65.49);
	
INSERT INTO detalle_ventas
	values (206,3494200211599,2,30.99);
	
INSERT INTO detalle_ventas
	values (206,3294200211111,10,0.99);
	





INSERT INTO detalle_ventas
	values (207,9894200213212,1,1.45);
	
INSERT INTO detalle_ventas
	values (207,0794200211001,1,30.55);
	
INSERT INTO detalle_ventas
	values (207,3394200211442,1,2.10);
	

	
	
INSERT INTO detalle_ventas
	values (208,8394200441002,3,12.10);
	
INSERT INTO detalle_ventas
	values (208,3394210911004,7,10.99);
	
INSERT INTO detalle_ventas
	values (208,3394200211002,19,8.79);
	
INSERT INTO detalle_ventas
	values (208,3494200211534,7,6.78);
	


	
	
INSERT INTO detalle_ventas
	values (209,3794200211518,5,1.25);
	



	
INSERT INTO detalle_ventas
	values (210,3294200211111,1,0.99);
	

	
	
INSERT INTO detalle_ventas
	values (211,3394204311402,5,1.87);
	
INSERT INTO detalle_ventas
	values (211,3994200211452,1,3);
	




INSERT INTO detalle_ventas
	values (212,8794200211002,3,20.60);
	
INSERT INTO detalle_ventas
	values (212,2094200211042,2,1);
	
INSERT INTO detalle_ventas
	values (212,9894200213212,9,1.45);
	
INSERT INTO detalle_ventas
	values (212,3494200211563,3,0.69);
	
INSERT INTO detalle_ventas
	values (212,594250211006,2,12.15);
	



INSERT INTO detalle_ventas
	values (213,594250211006,3 ,1.39);
	
INSERT INTO detalle_ventas
	values (213,3494200211560, 2,65.99);
	




INSERT INTO detalle_ventas
	values (214,594250211006, 12,12.15);
	




INSERT INTO detalle_ventas
	values (214,3394233411002,23 ,15.60);
	
INSERT INTO detalle_ventas
	values (214,3494200239333,55 ,5.20);
	
INSERT INTO detalle_ventas
	values (214,3494200214564, 2,4.99);
	




INSERT INTO detalle_ventas
	values (215,3394233411002,2 ,15.60);
	




INSERT INTO detalle_ventas
	values (216,594250211006,1 ,12.15);
	




INSERT INTO detalle_ventas
	values (217,594250211006,1 ,1.39);
	
INSERT INTO detalle_ventas
	values (217,3494200211560, 18,65.99);
	




INSERT INTO detalle_ventas
	values (218,3494200239333, 2,5.20);
	



INSERT INTO detalle_ventas
	values (219,3494200211232,1,1.29);
	
INSERT INTO detalle_ventas
	values (219,3394233411002,3 ,15.60);
	
	


INSERT INTO detalle_ventas
	values (220,3494200214564,23 ,4.99);
	
INSERT INTO detalle_ventas
	values (220,3494200211586,4 ,4.25);
	
INSERT INTO detalle_ventas
	values (220,594250211006,23 ,12.15);
	
INSERT INTO detalle_ventas
	values (220,3494200211232,23 ,1.29);
	

	

INSERT INTO detalle_ventas
	values (221,3494200239333,2 ,5.20);
	

INSERT INTO detalle_ventas
	values (221,594250211006,2 ,1.39);
	

	
	
	
	
	
INSERT INTO detalle_ventas
	values (222,3494200211560,1 ,65.99);
	
INSERT INTO detalle_ventas
	values (222,3494200239333,1 ,5.20);
	
	



INSERT INTO detalle_ventas
	values (223,3394233411002, 4,15.60);
	




INSERT INTO detalle_ventas
	values (224,594250211006,8 ,12.15);
	





INSERT INTO detalle_ventas
	values (225,3494200214564,1 ,4.99);
	
INSERT INTO detalle_ventas
	values (225,3494200211232,1 ,1.29);
	




INSERT INTO detalle_ventas
	values (226,3394233411002, 2,15.60);
	



INSERT INTO detalle_ventas
	values (227,594250211006,1 ,1.39);
	
INSERT INTO detalle_ventas
	values (227,3494200239333,2 ,5.20);
	
INSERT INTO detalle_ventas
	values (227,3494200211560,2 ,65.99);
	




INSERT INTO detalle_ventas
	values (228,3494200214564,2 ,4.99);
	



INSERT INTO detalle_ventas
	values (229,3494200239333,1 ,5.20);
	
INSERT INTO detalle_ventas
	values (229,3494200211232,1 ,1.29);
	




INSERT INTO detalle_ventas
	values (230,594250211006, 7,12.15);
	



INSERT INTO detalle_ventas
	values (231,3494200211586,1 ,4.25);
	
INSERT INTO detalle_ventas
	values (231,3494200211560, 2,65.99);
	
INSERT INTO detalle_ventas
	values (231,3394233411002, 2,15.60);
	




INSERT INTO detalle_ventas
	values (232,594250211006,1 ,1.39);
	



INSERT INTO detalle_ventas
	values (233,3494200239333,2 ,5.20);
	
INSERT INTO detalle_ventas
	values (233,3494200214564,1,4.99);
	





INSERT INTO detalle_ventas
	values (234,3494200211586, 2,4.25);
	
INSERT INTO detalle_ventas
	values (234,3494200211232,2 ,1.29);
	
INSERT INTO detalle_ventas
	values (234,3394233411002,1 ,15.60);
	
INSERT INTO detalle_ventas
	values (234,594250211006,1 ,12.15);
	





INSERT INTO detalle_ventas
	values (235,3494200211560,1 ,65.99);
	





INSERT INTO detalle_ventas
	values (236,594250211006,2,1.39);
	




INSERT INTO detalle_ventas
	values (237,3494200239333,7 ,5.20);
	



INSERT INTO detalle_ventas
	values (238,3394233411002,1 ,15.60);
	
INSERT INTO detalle_ventas
	values (238,3494200214564,1 ,4.99);
	
INSERT INTO detalle_ventas
	values (238,3494200239333, 1,5.20);
	




	
	
INSERT INTO detalle_ventas
	values (239,594250211006,1 ,12.15);
	
INSERT INTO detalle_ventas
	values (239,3494200214564,2 ,4.99);
	




INSERT INTO detalle_ventas
	values (240,594250211006,1 ,1.39);
	
INSERT INTO detalle_ventas
	values (240,3494200211586,2 ,4.25);
	
INSERT INTO detalle_ventas
	values (240,3394233411002,6 ,15.60);
	

	
	
INSERT INTO detalle_ventas
	values (241,3494200211560,4 ,65.99);
	
INSERT INTO detalle_ventas
	values (241,3494200239333,2 ,5.20);
	


	
INSERT INTO detalle_ventas
	values (242,594250211006,2 ,1.39);
	



INSERT INTO detalle_ventas
	values (243,594250211006,2 ,12.15);
	




INSERT INTO detalle_ventas
	values (244,3394233411002,1 ,15.60);
	
INSERT INTO detalle_ventas
	values (244,3494200239333,1 ,5.20);
	





INSERT INTO detalle_ventas
	values (245,3494200214564,1 ,4.99);
	
INSERT INTO detalle_ventas
	values (245,3494200211232,18 ,1.29);
	
INSERT INTO detalle_ventas
	values (245,594250211006, 3,12.15);
	




INSERT INTO detalle_ventas
	values (246,3394233411002, 3,15.60);
	




INSERT INTO detalle_ventas
	values (247,594250211006, 3,1.39);
	
INSERT INTO detalle_ventas
	values (247,3494200211560, 2,65.99);
	





INSERT INTO detalle_ventas
	values (248,3494200239333,2 ,5.20);
	





INSERT INTO detalle_ventas
	values (249,3394233411002, 2,15.60);
	
INSERT INTO detalle_ventas
	values (249,3494200214564,3 ,4.99);
	
INSERT INTO detalle_ventas
	values (249,3494200211586,1 ,4.25);
	
INSERT INTO detalle_ventas
	values (249,594250211006,2 ,12.15);
	





	
	